record_id,model_kind,cell_id,data_seed,model_seed,beta,both_hitting_time,both_hitting_time_status,causal_starvation_certified,gated_delta_tw,gated_delta_tw_status,regime,right_censored,target_met_at_initialization,weak_auc_gap,weak_hitting_time,weak_hitting_time_status,weak_only_learnable,outcome_suppression,all_beta_robust_causal_certificate
esa-tanh-rho3_lag1-d301-m3010,tanh,rho3_lag1,301,3010,0.25,6.4215867540531217,finite,false,4.6357537113907297,finite,starvation,false,false,17.874971580831335,1.7858330426623918,finite,true,false,false
esa-tanh-rho3_lag1-d301-m3010,tanh,rho3_lag1,301,3010,0.5,,right_censored,false,,right_censored,starvation,true,false,17.874971580831335,2.5175236150181814,finite,true,false,false
esa-tanh-rho3_lag1-d301-m3010,tanh,rho3_lag1,301,3010,1,,right_censored,false,,right_censored,starvation,true,false,17.874971580831335,3.3620549665829298,finite,true,false,false
esa-tanh-rho3_lag1-d301-m3010,tanh,rho3_lag1,301,3010,2,,right_censored,false,,right_censored,starvation,true,false,17.874971580831335,4.7204958158773183,finite,true,false,false
esa-tanh-rho3_lag1-d301-m3011,tanh,rho3_lag1,301,3011,0.25,1.815133210563405,finite,false,0.82589746242554818,finite,starvation,false,false,21.324754018336535,0.98923574813785686,finite,true,false,false
esa-tanh-rho3_lag1-d301-m3011,tanh,rho3_lag1,301,3011,0.5,9.9999761089432191,finite,false,8.3983532676986901,finite,starvation,false,false,21.324754018336535,1.601622841244529,finite,true,false,false
esa-tanh-rho3_lag1-d301-m3011,tanh,rho3_lag1,301,3011,1,,right_censored,false,,right_censored,starvation,true,false,21.324754018336535,2.3559915682182528,finite,true,false,false
esa-tanh-rho3_lag1-d301-m3011,tanh,rho3_lag1,301,3011,2,,right_censored,false,,right_censored,starvation,true,false,21.324754018336535,3.5766416601868092,finite,true,false,false
esa-tanh-rho3_lag1-d301-m3012,tanh,rho3_lag1,301,3012,0.25,1.4936009006395645,finite,false,0.68942509017281961,finite,starvation,false,false,21.335671493038532,0.80417581046674491,finite,true,false,false
esa-tanh-rho3_lag1-d301-m3012,tanh,rho3_lag1,301,3012,0.5,8.2933834968409688,finite,false,6.8733324495876431,finite,starvation,false,false,21.335671493038532,1.4200510472533254,finite,true,false,false
esa-tanh-rho3_lag1-d301-m3012,tanh,rho3_lag1,301,3012,1,,right_censored,false,,right_censored,starvation,true,false,21.335671493038532,2.184001447748797,finite,true,false,false
esa-tanh-rho3_lag1-d301-m3012,tanh,rho3_lag1,301,3012,2,,right_censored,false,,right_censored,starvation,true,false,21.335671493038532,3.4475234147493246,finite,true,false,false
esa-tanh-rho3_lag1-d301-m3013,tanh,rho3_lag1,301,3013,0.25,2.0435626094081716,finite,true,0.99985851521748548,finite,starvation,false,false,20.744961053319273,1.0437040941906861,finite,true,true,true
esa-tanh-rho3_lag1-d301-m3013,tanh,rho3_lag1,301,3013,0.5,,right_censored,true,,right_censored,starvation,true,false,20.744961053319273,1.6710835363191874,finite,true,true,true
esa-tanh-rho3_lag1-d301-m3013,tanh,rho3_lag1,301,3013,1,,right_censored,true,,right_censored,starvation,true,false,20.744961053319273,2.4500982150615047,finite,true,true,true
esa-tanh-rho3_lag1-d301-m3013,tanh,rho3_lag1,301,3013,2,,right_censored,true,,right_censored,starvation,true,false,20.744961053319273,3.7180864939641971,finite,true,true,true
esa-tanh-rho3_lag1-d301-m3014,tanh,rho3_lag1,301,3014,0.25,2.4261965668125209,finite,false,1.3496771822322304,finite,starvation,false,false,20.636614952981468,1.0765193845802905,finite,true,false,false
esa-tanh-rho3_lag1-d301-m3014,tanh,rho3_lag1,301,3014,0.5,,right_censored,false,,right_censored,starvation,true,false,20.636614952981468,1.7549403837195974,finite,true,false,false
esa-tanh-rho3_lag1-d301-m3014,tanh,rho3_lag1,301,3014,1,,right_censored,false,,right_censored,starvation,true,false,20.636614952981468,2.5516750501364371,finite,true,false,false
esa-tanh-rho3_lag1-d301-m3014,tanh,rho3_lag1,301,3014,2,,right_censored,false,,right_censored,starvation,true,false,20.636614952981468,3.8194393254491716,finite,true,false,false
esa-tanh-rho3_lag1-d301-m3015,tanh,rho3_lag1,301,3015,0.25,2.1587116081743218,finite,false,1.2773962617831245,finite,starvation,false,false,21.527702528610824,0.88131534639119735,finite,true,false,false
esa-tanh-rho3_lag1-d301-m3015,tanh,rho3_lag1,301,3015,0.5,,right_censored,false,,right_censored,starvation,true,false,21.527702528610824,1.4903125954826426,finite,true,false,false
esa-tanh-rho3_lag1-d301-m3015,tanh,rho3_lag1,301,3015,1,,right_censored,false,,right_censored,starvation,true,false,21.527702528610824,2.2594771080165228,finite,true,false,false
esa-tanh-rho3_lag1-d301-m3015,tanh,rho3_lag1,301,3015,2,,right_censored,false,,right_censored,starvation,true,false,21.527702528610824,3.5258514339940956,finite,true,false,false
esa-tanh-rho3_lag1-d301-m3016,tanh,rho3_lag1,301,3016,0.25,1.6618441224111999,finite,true,0.6371590551367925,finite,starvation,false,false,20.369661851786077,1.0246850672744074,finite,true,true,true
esa-tanh-rho3_lag1-d301-m3016,tanh,rho3_lag1,301,3016,0.5,8.6939139217411139,finite,true,7.0358477463895266,finite,starvation,false,false,20.369661851786077,1.6580661753515868,finite,true,true,true
esa-tanh-rho3_lag1-d301-m3016,tanh,rho3_lag1,301,3016,1,,right_censored,true,,right_censored,starvation,true,false,20.369661851786077,2.4424636588660649,finite,true,true,true
esa-tanh-rho3_lag1-d301-m3016,tanh,rho3_lag1,301,3016,2,,right_censored,true,,right_censored,starvation,true,false,20.369661851786077,3.7217911804316244,finite,true,true,true
esa-tanh-rho3_lag1-d301-m3017,tanh,rho3_lag1,301,3017,0.25,2.5871531824228087,finite,false,1.4724886944412001,finite,starvation,false,false,20.9243723295629,1.1146644879816086,finite,true,false,false
esa-tanh-rho3_lag1-d301-m3017,tanh,rho3_lag1,301,3017,0.5,,right_censored,false,,right_censored,starvation,true,false,20.9243723295629,1.73914129758109,finite,true,false,false
esa-tanh-rho3_lag1-d301-m3017,tanh,rho3_lag1,301,3017,1,,right_censored,false,,right_censored,starvation,true,false,20.9243723295629,2.5070683807339167,finite,true,false,false
esa-tanh-rho3_lag1-d301-m3017,tanh,rho3_lag1,301,3017,2,,right_censored,false,,right_censored,starvation,true,false,20.9243723295629,3.7589055297285667,finite,true,false,false
esa-tanh-rho3_lag1-d302-m3010,tanh,rho3_lag1,302,3010,0.25,5.9734576093330451,finite,false,4.181791810123431,finite,starvation,false,false,17.799332503182811,1.7916657992096141,finite,true,false,false
esa-tanh-rho3_lag1-d302-m3010,tanh,rho3_lag1,302,3010,0.5,,right_censored,false,,right_censored,starvation,true,false,17.799332503182811,2.5250486096067379,finite,true,false,false
esa-tanh-rho3_lag1-d302-m3010,tanh,rho3_lag1,302,3010,1,,right_censored,false,,right_censored,starvation,true,false,17.799332503182811,3.3706439536317303,finite,true,false,false
esa-tanh-rho3_lag1-d302-m3010,tanh,rho3_lag1,302,3010,2,,right_censored,false,,right_censored,starvation,true,false,17.799332503182811,4.7276177557350065,finite,true,false,false
esa-tanh-rho3_lag1-d302-m3011,tanh,rho3_lag1,302,3011,0.25,1.7639910969419612,finite,false,0.77157870475653179,finite,starvation,false,false,21.245686522871257,0.99241239218542943,finite,true,false,false
esa-tanh-rho3_lag1-d302-m3011,tanh,rho3_lag1,302,3011,0.5,9.1213716442953015,finite,false,7.5151585720326599,finite,starvation,false,false,21.245686522871257,1.6062130722626418,finite,true,false,false
esa-tanh-rho3_lag1-d302-m3011,tanh,rho3_lag1,302,3011,1,,right_censored,false,,right_censored,starvation,true,false,21.245686522871257,2.3616504752038741,finite,true,false,false
esa-tanh-rho3_lag1-d302-m3011,tanh,rho3_lag1,302,3011,2,,right_censored,false,,right_censored,starvation,true,false,21.245686522871257,3.5809920206759842,finite,true,false,false
esa-tanh-rho3_lag1-d302-m3012,tanh,rho3_lag1,302,3012,0.25,1.4560312261383273,finite,false,0.64941485845428382,finite,starvation,false,false,21.260082334280014,0.80661636768404343,finite,true,false,false
esa-tanh-rho3_lag1-d302-m3012,tanh,rho3_lag1,302,3012,0.5,7.664223306479065,finite,false,6.2401967737131869,finite,starvation,false,false,21.260082334280014,1.4240265327658785,finite,true,false,false
esa-tanh-rho3_lag1-d302-m3012,tanh,rho3_lag1,302,3012,1,,right_censored,false,,right_censored,starvation,true,false,21.260082334280014,2.1889860372855616,finite,true,false,false
esa-tanh-rho3_lag1-d302-m3012,tanh,rho3_lag1,302,3012,2,,right_censored,false,,right_censored,starvation,true,false,21.260082334280014,3.451114649681529,finite,true,false,false
esa-tanh-rho3_lag1-d302-m3013,tanh,rho3_lag1,302,3013,0.25,1.9817693635926039,finite,true,0.93470779068551035,finite,starvation,false,false,20.675698869023471,1.0470615729070936,finite,true,true,true
esa-tanh-rho3_lag1-d302-m3013,tanh,rho3_lag1,302,3013,0.5,,right_censored,true,,right_censored,starvation,true,false,20.675698869023471,1.6759223790682347,finite,true,true,true
esa-tanh-rho3_lag1-d302-m3013,tanh,rho3_lag1,302,3013,1,,right_censored,true,,right_censored,starvation,true,false,20.675698869023471,2.4559224294212214,finite,true,true,true
esa-tanh-rho3_lag1-d302-m3013,tanh,rho3_lag1,302,3013,2,,right_censored,true,,right_censored,starvation,true,false,20.675698869023471,3.7225630086636912,finite,true,true,true
esa-tanh-rho3_lag1-d302-m3014,tanh,rho3_lag1,302,3014,0.25,2.340894663757191,finite,false,1.260981091625877,finite,starvation,false,false,20.564309827797114,1.079913572131314,finite,true,false,false
esa-tanh-rho3_lag1-d302-m3014,tanh,rho3_lag1,302,3014,0.5,,right_censored,false,,right_censored,starvation,true,false,20.564309827797114,1.759938445912627,finite,true,false,false
esa-tanh-rho3_lag1-d302-m3014,tanh,rho3_lag1,302,3014,1,,right_censored,false,,right_censored,starvation,true,false,20.564309827797114,2.5577636418412566,finite,true,false,false
esa-tanh-rho3_lag1-d302-m3014,tanh,rho3_lag1,302,3014,2,,right_censored,false,,right_censored,starvation,true,false,20.564309827797114,3.8241826186205774,finite,true,false,false
esa-tanh-rho3_lag1-d302-m3015,tanh,rho3_lag1,302,3015,0.25,2.0804702850999148,finite,false,1.1963700233970203,finite,starvation,false,false,21.452243402041496,0.88410026170289469,finite,true,false,false
esa-tanh-rho3_lag1-d302-m3015,tanh,rho3_lag1,302,3015,0.5,,right_censored,false,,right_censored,starvation,true,false,21.452243402041496,1.4946266597526303,finite,true,false,false
esa-tanh-rho3_lag1-d302-m3015,tanh,rho3_lag1,302,3015,1,,right_censored,false,,right_censored,starvation,true,false,21.452243402041496,2.2647181819167441,finite,true,false,false
esa-tanh-rho3_lag1-d302-m3015,tanh,rho3_lag1,302,3015,2,,right_censored,false,,right_censored,starvation,true,false,21.452243402041496,3.5297197240582223,finite,true,false,false
esa-tanh-rho3_lag1-d302-m3016,tanh,rho3_lag1,302,3016,0.25,1.6212401326608925,finite,true,0.59331432643785842,finite,starvation,false,false,20.293437444232403,1.0279258062230341,finite,true,true,true
esa-tanh-rho3_lag1-d302-m3016,tanh,rho3_lag1,302,3016,0.5,8.0591050105361752,finite,true,6.3963009498296088,finite,starvation,false,false,20.293437444232403,1.6628040607065668,finite,true,true,true
esa-tanh-rho3_lag1-d302-m3016,tanh,rho3_lag1,302,3016,1,,right_censored,true,,right_censored,starvation,true,false,20.293437444232403,2.4483133627825548,finite,true,true,true
esa-tanh-rho3_lag1-d302-m3016,tanh,rho3_lag1,302,3016,2,,right_censored,true,,right_censored,starvation,true,false,20.293437444232403,3.7262605646139559,finite,true,true,true
esa-tanh-rho3_lag1-d302-m3017,tanh,rho3_lag1,302,3017,0.25,2.4937532277736878,finite,false,1.3755615096077962,finite,starvation,false,false,20.855000908859072,1.1181917181658916,finite,true,false,false
esa-tanh-rho3_lag1-d302-m3017,tanh,rho3_lag1,302,3017,0.5,,right_censored,false,,right_censored,starvation,true,false,20.855000908859072,1.7443005656336203,finite,true,false,false
esa-tanh-rho3_lag1-d302-m3017,tanh,rho3_lag1,302,3017,1,,right_censored,false,,right_censored,starvation,true,false,20.855000908859072,2.5131530419843164,finite,true,false,false
esa-tanh-rho3_lag1-d302-m3017,tanh,rho3_lag1,302,3017,2,,right_censored,false,,right_censored,starvation,true,false,20.855000908859072,3.7636817148424813,finite,true,false,false
esa-tanh-rho3_lag1-d303-m3010,tanh,rho3_lag1,303,3010,0.25,5.8515593675102879,finite,false,4.08253426258959,finite,starvation,false,false,17.820660616457459,1.7690251049206975,finite,true,false,false
esa-tanh-rho3_lag1-d303-m3010,tanh,rho3_lag1,303,3010,0.5,,right_censored,false,,right_censored,starvation,true,false,17.820660616457459,2.4954280059903016,finite,true,false,false
esa-tanh-rho3_lag1-d303-m3010,tanh,rho3_lag1,303,3010,1,,right_censored,false,,right_censored,starvation,true,false,17.820660616457459,3.3361237963868171,finite,true,false,false
esa-tanh-rho3_lag1-d303-m3010,tanh,rho3_lag1,303,3010,2,,right_censored,false,,right_censored,starvation,true,false,17.820660616457459,4.6983906748588202,finite,true,false,false
esa-tanh-rho3_lag1-d303-m3011,tanh,rho3_lag1,303,3011,0.25,1.7402028954500071,finite,false,0.76019358471022991,finite,starvation,false,false,21.17523448932916,0.98000931073977715,finite,true,false,false
esa-tanh-rho3_lag1-d303-m3011,tanh,rho3_lag1,303,3011,0.5,8.915581284802391,finite,false,7.3279199864706319,finite,starvation,false,false,21.17523448932916,1.5876612983317591,finite,true,false,false
esa-tanh-rho3_lag1-d303-m3011,tanh,rho3_lag1,303,3011,1,,right_censored,false,,right_censored,starvation,true,false,21.17523448932916,2.3386434352075463,finite,true,false,false
esa-tanh-rho3_lag1-d303-m3011,tanh,rho3_lag1,303,3011,2,,right_censored,false,,right_censored,starvation,true,false,21.17523448932916,3.5626106448285086,finite,true,false,false
esa-tanh-rho3_lag1-d303-m3012,tanh,rho3_lag1,303,3012,0.25,1.4429138960709098,finite,false,0.64599772453586723,finite,starvation,false,false,21.192798041179778,0.79691617153504257,finite,true,false,false
esa-tanh-rho3_lag1-d303-m3012,tanh,rho3_lag1,303,3012,0.5,7.5537732694236981,finite,false,6.1455131192391494,finite,starvation,false,false,21.192798041179778,1.4082601501845489,finite,true,false,false
esa-tanh-rho3_lag1-d303-m3012,tanh,rho3_lag1,303,3012,1,,right_censored,false,,right_censored,starvation,true,false,21.192798041179778,2.1687153508374206,finite,true,false,false
esa-tanh-rho3_lag1-d303-m3012,tanh,rho3_lag1,303,3012,2,,right_censored,false,,right_censored,starvation,true,false,21.192798041179778,3.4357951928207133,finite,true,false,false
esa-tanh-rho3_lag1-d303-m3013,tanh,rho3_lag1,303,3013,0.25,1.9581499094601009,finite,true,0.92420330889967683,finite,starvation,false,false,20.624660671316089,1.0339466005604241,finite,true,true,true
esa-tanh-rho3_lag1-d303-m3013,tanh,rho3_lag1,303,3013,0.5,,right_censored,true,,right_censored,starvation,true,false,20.624660671316089,1.6568344604104004,finite,true,true,true
esa-tanh-rho3_lag1-d303-m3013,tanh,rho3_lag1,303,3013,1,,right_censored,true,,right_censored,starvation,true,false,20.624660671316089,2.432143610562882,finite,true,true,true
esa-tanh-rho3_lag1-d303-m3013,tanh,rho3_lag1,303,3013,2,,right_censored,true,,right_censored,starvation,true,false,20.624660671316089,3.7036815068493154,finite,true,true,true
esa-tanh-rho3_lag1-d303-m3014,tanh,rho3_lag1,303,3014,0.25,2.3084118257261412,finite,false,1.2417595358300637,finite,starvation,false,false,20.515353851206601,1.0666522898960775,finite,true,false,false
esa-tanh-rho3_lag1-d303-m3014,tanh,rho3_lag1,303,3014,0.5,,right_censored,false,,right_censored,starvation,true,false,20.515353851206601,1.7398373432270735,finite,true,false,false
esa-tanh-rho3_lag1-d303-m3014,tanh,rho3_lag1,303,3014,1,,right_censored,false,,right_censored,starvation,true,false,20.515353851206601,2.5329212433990955,finite,true,false,false
esa-tanh-rho3_lag1-d303-m3014,tanh,rho3_lag1,303,3014,2,,right_censored,false,,right_censored,starvation,true,false,20.515353851206601,3.8041994211805537,finite,true,false,false
esa-tanh-rho3_lag1-d303-m3015,tanh,rho3_lag1,303,3015,0.25,2.0505011440910113,finite,false,1.1772959679674471,finite,starvation,false,false,21.382995950244364,0.8732051761235643,finite,true,false,false
esa-tanh-rho3_lag1-d303-m3015,tanh,rho3_lag1,303,3015,0.5,,right_censored,false,,right_censored,starvation,true,false,21.382995950244364,1.4775683699276443,finite,true,false,false
esa-tanh-rho3_lag1-d303-m3015,tanh,rho3_lag1,303,3015,1,,right_censored,false,,right_censored,starvation,true,false,21.382995950244364,2.2433769120187148,finite,true,false,false
esa-tanh-rho3_lag1-d303-m3015,tanh,rho3_lag1,303,3015,2,,right_censored,false,,right_censored,starvation,true,false,21.382995950244364,3.5132552856252977,finite,true,false,false
esa-tanh-rho3_lag1-d303-m3016,tanh,rho3_lag1,303,3016,0.25,1.6049747509212502,finite,true,0.5897102368065712,finite,starvation,false,false,20.244000194128599,1.015264514114679,finite,true,true,true
esa-tanh-rho3_lag1-d303-m3016,tanh,rho3_lag1,303,3016,0.5,7.9341939726654092,finite,true,6.2903066912539298,finite,starvation,false,false,20.244000194128599,1.6438872814114789,finite,true,true,true
esa-tanh-rho3_lag1-d303-m3016,tanh,rho3_lag1,303,3016,1,,right_censored,true,,right_censored,starvation,true,false,20.244000194128599,2.4246878345472012,finite,true,true,true
esa-tanh-rho3_lag1-d303-m3016,tanh,rho3_lag1,303,3016,2,,right_censored,true,,right_censored,starvation,true,false,20.244000194128599,3.7074307237199569,finite,true,true,true
esa-tanh-rho3_lag1-d303-m3017,tanh,rho3_lag1,303,3017,0.25,2.4555869671996944,finite,false,1.3511486327064843,finite,starvation,false,false,20.803813712950795,1.10443833449321,finite,true,false,false
esa-tanh-rho3_lag1-d303-m3017,tanh,rho3_lag1,303,3017,0.5,,right_censored,false,,right_censored,starvation,true,false,20.803813712950795,1.7239931781878719,finite,true,false,false
esa-tanh-rho3_lag1-d303-m3017,tanh,rho3_lag1,303,3017,1,,right_censored,false,,right_censored,starvation,true,false,20.803813712950795,2.4884808160290541,finite,true,false,false
esa-tanh-rho3_lag1-d303-m3017,tanh,rho3_lag1,303,3017,2,,right_censored,false,,right_censored,starvation,true,false,20.803813712950795,3.7437417796356343,finite,true,false,false
esa-tanh-rho3_lag1-d304-m3010,tanh,rho3_lag1,304,3010,0.25,5.9341847403043397,finite,false,4.1480165194141163,finite,starvation,false,false,17.803202371392402,1.7861682208902236,finite,true,false,false
esa-tanh-rho3_lag1-d304-m3010,tanh,rho3_lag1,304,3010,0.5,,right_censored,false,,right_censored,starvation,true,false,17.803202371392402,2.5178918570209152,finite,true,false,false
esa-tanh-rho3_lag1-d304-m3010,tanh,rho3_lag1,304,3010,1,,right_censored,false,,right_censored,starvation,true,false,17.803202371392402,3.3623539131941205,finite,true,false,false
esa-tanh-rho3_lag1-d304-m3010,tanh,rho3_lag1,304,3010,2,,right_censored,false,,right_censored,starvation,true,false,17.803202371392402,4.7206166113333898,finite,true,false,false
esa-tanh-rho3_lag1-d304-m3011,tanh,rho3_lag1,304,3011,0.25,1.7575255887614747,finite,false,0.76811435353408042,finite,starvation,false,false,21.227688115276397,0.98941123522739427,finite,true,false,false
esa-tanh-rho3_lag1-d304-m3011,tanh,rho3_lag1,304,3011,0.5,9.0573152128692289,finite,false,7.4554836967428599,finite,starvation,false,false,21.227688115276397,1.6018315161263688,finite,true,false,false
esa-tanh-rho3_lag1-d304-m3011,tanh,rho3_lag1,304,3011,1,,right_censored,false,,right_censored,starvation,true,false,21.227688115276397,2.3561434872485156,finite,true,false,false
esa-tanh-rho3_lag1-d304-m3011,tanh,rho3_lag1,304,3011,2,,right_censored,false,,right_censored,starvation,true,false,21.227688115276397,3.5765949811762634,finite,true,false,false
esa-tanh-rho3_lag1-d304-m3012,tanh,rho3_lag1,304,3012,0.25,1.452239165329053,finite,false,0.64793711630214224,finite,starvation,false,false,21.242708342149854,0.80430204902691071,finite,true,false,false
esa-tanh-rho3_lag1-d304-m3012,tanh,rho3_lag1,304,3012,0.5,7.6267740120939393,finite,false,6.2065618133185714,finite,starvation,false,false,21.242708342149854,1.420212198775368,finite,true,false,false
esa-tanh-rho3_lag1-d304-m3012,tanh,rho3_lag1,304,3012,1,,right_censored,false,,right_censored,starvation,true,false,21.242708342149854,2.1841013308175907,finite,true,false,false
esa-tanh-rho3_lag1-d304-m3012,tanh,rho3_lag1,304,3012,2,,right_censored,false,,right_censored,starvation,true,false,21.242708342149854,3.4474435488631072,finite,true,false,false
esa-tanh-rho3_lag1-d304-m3013,tanh,rho3_lag1,304,3013,0.25,1.9751397633282188,finite,true,0.93125100729577404,finite,starvation,false,false,20.662369995936753,1.0438887560324448,finite,true,true,true
esa-tanh-rho3_lag1-d304-m3013,tanh,rho3_lag1,304,3013,0.5,,right_censored,true,,right_censored,starvation,true,false,20.662369995936753,1.671299738514145,finite,true,true,true
esa-tanh-rho3_lag1-d304-m3013,tanh,rho3_lag1,304,3013,1,,right_censored,true,,right_censored,starvation,true,false,20.662369995936753,2.4502498537800763,finite,true,true,true
esa-tanh-rho3_lag1-d304-m3013,tanh,rho3_lag1,304,3013,2,,right_censored,true,,right_censored,starvation,true,false,20.662369995936753,3.7180477426324319,finite,true,true,true
esa-tanh-rho3_lag1-d304-m3014,tanh,rho3_lag1,304,3014,0.25,2.3318000916819472,finite,false,1.255096683109616,finite,starvation,false,false,20.551452746614814,1.0767034085723313,finite,true,false,false
esa-tanh-rho3_lag1-d304-m3014,tanh,rho3_lag1,304,3014,0.5,,right_censored,false,,right_censored,starvation,true,false,20.551452746614814,1.7551611388568746,finite,true,false,false
esa-tanh-rho3_lag1-d304-m3014,tanh,rho3_lag1,304,3014,1,,right_censored,false,,right_censored,starvation,true,false,20.551452746614814,2.5518338326868353,finite,true,false,false
esa-tanh-rho3_lag1-d304-m3014,tanh,rho3_lag1,304,3014,2,,right_censored,false,,right_censored,starvation,true,false,20.551452746614814,3.8194025771694342,finite,true,false,false
esa-tanh-rho3_lag1-d304-m3015,tanh,rho3_lag1,304,3015,0.25,2.0720538253450789,finite,false,1.1905880252958703,finite,starvation,false,false,21.434337775222954,0.8814658000492086,finite,true,false,false
esa-tanh-rho3_lag1-d304-m3015,tanh,rho3_lag1,304,3015,0.5,,right_censored,false,,right_censored,starvation,true,false,21.434337775222954,1.4904982922477685,finite,true,false,false
esa-tanh-rho3_lag1-d304-m3015,tanh,rho3_lag1,304,3015,1,,right_censored,false,,right_censored,starvation,true,false,21.434337775222954,2.2595974897208397,finite,true,false,false
esa-tanh-rho3_lag1-d304-m3015,tanh,rho3_lag1,304,3015,2,,right_censored,false,,right_censored,starvation,true,false,21.434337775222954,3.5257846528944681,finite,true,false,false
esa-tanh-rho3_lag1-d304-m3016,tanh,rho3_lag1,304,3016,0.25,1.6167141097577666,finite,true,0.59185141899609084,finite,starvation,false,false,20.280467284657064,1.0248626907616758,finite,true,true,true
esa-tanh-rho3_lag1-d304-m3016,tanh,rho3_lag1,304,3016,0.5,8.0182691749404871,finite,true,6.3599926240569227,finite,starvation,false,false,20.280467284657064,1.6582765508835646,finite,true,true,true
esa-tanh-rho3_lag1-d304-m3016,tanh,rho3_lag1,304,3016,1,,right_censored,true,,right_censored,starvation,true,false,20.280467284657064,2.4426149904435253,finite,true,true,true
esa-tanh-rho3_lag1-d304-m3016,tanh,rho3_lag1,304,3016,2,,right_censored,true,,right_censored,starvation,true,false,20.280467284657064,3.7217576545589033,finite,true,true,true
esa-tanh-rho3_lag1-d304-m3017,tanh,rho3_lag1,304,3017,0.25,2.4831045522322603,finite,false,1.3682428458849734,finite,starvation,false,false,20.841629124619065,1.114861706347287,finite,true,false,false
esa-tanh-rho3_lag1-d304-m3017,tanh,rho3_lag1,304,3017,0.5,,right_censored,false,,right_censored,starvation,true,false,20.841629124619065,1.7393798563399354,finite,true,false,false
esa-tanh-rho3_lag1-d304-m3017,tanh,rho3_lag1,304,3017,1,,right_censored,false,,right_censored,starvation,true,false,20.841629124619065,2.5072429738178799,finite,true,false,false
esa-tanh-rho3_lag1-d304-m3017,tanh,rho3_lag1,304,3017,2,,right_censored,false,,right_censored,starvation,true,false,20.841629124619065,3.7588929817126839,finite,true,false,false
esa-tanh-rho4_lag2-d301-m3010,tanh,rho4_lag2,301,3010,0.25,,right_censored,false,,right_censored,starvation,true,false,17.041442415432535,3.074782037815126,finite,true,false,false
esa-tanh-rho4_lag2-d301-m3010,tanh,rho4_lag2,301,3010,0.5,,right_censored,false,,right_censored,starvation,true,false,17.041442415432535,3.7450123462488172,finite,true,false,false
esa-tanh-rho4_lag2-d301-m3010,tanh,rho4_lag2,301,3010,1,,right_censored,false,,right_censored,starvation,true,false,17.041442415432535,4.4341421777590959,finite,true,false,false
esa-tanh-rho4_lag2-d301-m3010,tanh,rho4_lag2,301,3010,2,,right_censored,false,,right_censored,starvation,true,false,17.041442415432535,5.4697672065855194,finite,true,false,false
esa-tanh-rho4_lag2-d301-m3011,tanh,rho4_lag2,301,3011,0.25,,right_censored,false,,right_censored,starvation,true,false,22.235177681641648,2.0205606152515725,finite,true,false,false
esa-tanh-rho4_lag2-d301-m3011,tanh,rho4_lag2,301,3011,0.5,,right_censored,false,,right_censored,starvation,true,false,22.235177681641648,2.6278923124896667,finite,true,false,false
esa-tanh-rho4_lag2-d301-m3011,tanh,rho4_lag2,301,3011,1,,right_censored,false,,right_censored,starvation,true,false,22.235177681641648,3.2675307473982973,finite,true,false,false
esa-tanh-rho4_lag2-d301-m3011,tanh,rho4_lag2,301,3011,2,,right_censored,false,,right_censored,starvation,true,false,22.235177681641648,4.2183619728225237,finite,true,false,false
esa-tanh-rho4_lag2-d301-m3012,tanh,rho4_lag2,301,3012,0.25,,right_censored,false,,right_censored,starvation,true,false,25.054800183419133,1.713820653402933,finite,true,false,false
esa-tanh-rho4_lag2-d301-m3012,tanh,rho4_lag2,301,3012,0.5,,right_censored,false,,right_censored,starvation,true,false,25.054800183419133,2.263796801480578,finite,true,false,false
esa-tanh-rho4_lag2-d301-m3012,tanh,rho4_lag2,301,3012,1,,right_censored,false,,right_censored,starvation,true,false,25.054800183419133,2.8439617354991196,finite,true,false,false
esa-tanh-rho4_lag2-d301-m3012,tanh,rho4_lag2,301,3012,2,,right_censored,false,,right_censored,starvation,true,false,25.054800183419133,3.7072040470830161,finite,true,false,false
esa-tanh-rho4_lag2-d301-m3013,tanh,rho4_lag2,301,3013,0.25,,right_censored,false,,right_censored,starvation,true,false,23.512415330298246,1.6649934880789834,finite,true,false,false
esa-tanh-rho4_lag2-d301-m3013,tanh,rho4_lag2,301,3013,0.5,,right_censored,false,,right_censored,starvation,true,false,23.512415330298246,2.2778036702284918,finite,true,false,false
esa-tanh-rho4_lag2-d301-m3013,tanh,rho4_lag2,301,3013,1,,right_censored,false,,right_censored,starvation,true,false,23.512415330298246,2.9220917271748417,finite,true,false,false
esa-tanh-rho4_lag2-d301-m3013,tanh,rho4_lag2,301,3013,2,,right_censored,false,,right_censored,starvation,true,false,23.512415330298246,3.8771770381324089,finite,true,false,false
esa-tanh-rho4_lag2-d301-m3014,tanh,rho4_lag2,301,3014,0.25,,right_censored,false,,right_censored,starvation,true,false,22.124920819746329,2.1107013729405093,finite,true,false,false
esa-tanh-rho4_lag2-d301-m3014,tanh,rho4_lag2,301,3014,0.5,,right_censored,false,,right_censored,starvation,true,false,22.124920819746329,2.7185881319234335,finite,true,false,false
esa-tanh-rho4_lag2-d301-m3014,tanh,rho4_lag2,301,3014,1,,right_censored,false,,right_censored,starvation,true,false,22.124920819746329,3.3363122495036897,finite,true,false,false
esa-tanh-rho4_lag2-d301-m3014,tanh,rho4_lag2,301,3014,2,,right_censored,false,,right_censored,starvation,true,false,22.124920819746329,4.2431894947266837,finite,true,false,false
esa-tanh-rho4_lag2-d301-m3015,tanh,rho4_lag2,301,3015,0.25,,right_censored,false,,right_censored,starvation,true,false,24.680873884260659,1.8016875927267244,finite,true,false,false
esa-tanh-rho4_lag2-d301-m3015,tanh,rho4_lag2,301,3015,0.5,,right_censored,false,,right_censored,starvation,true,false,24.680873884260659,2.3415687355539867,finite,true,false,false
esa-tanh-rho4_lag2-d301-m3015,tanh,rho4_lag2,301,3015,1,,right_censored,false,,right_censored,starvation,true,false,24.680873884260659,2.9175765218037424,finite,true,false,false
esa-tanh-rho4_lag2-d301-m3015,tanh,rho4_lag2,301,3015,2,,right_censored,false,,right_censored,starvation,true,false,24.680873884260659,3.7742734258740787,finite,true,false,false
esa-tanh-rho4_lag2-d301-m3016,tanh,rho4_lag2,301,3016,0.25,,right_censored,true,,right_censored,starvation,true,false,23.974292644299567,1.5369401935831422,finite,true,true,true
esa-tanh-rho4_lag2-d301-m3016,tanh,rho4_lag2,301,3016,0.5,,right_censored,true,,right_censored,starvation,true,false,23.974292644299567,2.128279601352451,finite,true,true,true
esa-tanh-rho4_lag2-d301-m3016,tanh,rho4_lag2,301,3016,1,,right_censored,true,,right_censored,starvation,true,false,23.974292644299567,2.763338940184179,finite,true,true,true
esa-tanh-rho4_lag2-d301-m3016,tanh,rho4_lag2,301,3016,2,,right_censored,true,,right_censored,starvation,true,false,23.974292644299567,3.7164858123158901,finite,true,true,true
esa-tanh-rho4_lag2-d301-m3017,tanh,rho4_lag2,301,3017,0.25,,right_censored,true,,right_censored,starvation,true,false,23.109533322439532,1.9390141381530621,finite,true,true,true
esa-tanh-rho4_lag2-d301-m3017,tanh,rho4_lag2,301,3017,0.5,,right_censored,true,,right_censored,starvation,true,false,23.109533322439532,2.5136111432885229,finite,true,true,true
esa-tanh-rho4_lag2-d301-m3017,tanh,rho4_lag2,301,3017,1,,right_censored,true,,right_censored,starvation,true,false,23.109533322439532,3.1269670209431277,finite,true,true,true
esa-tanh-rho4_lag2-d301-m3017,tanh,rho4_lag2,301,3017,2,,right_censored,true,,right_censored,starvation,true,false,23.109533322439532,4.0448184475960582,finite,true,true,true
esa-tanh-rho4_lag2-d302-m3010,tanh,rho4_lag2,302,3010,0.25,,right_censored,false,,right_censored,starvation,true,false,16.993231966492022,3.0848238816953644,finite,true,false,false
esa-tanh-rho4_lag2-d302-m3010,tanh,rho4_lag2,302,3010,0.5,,right_censored,false,,right_censored,starvation,true,false,16.993231966492022,3.7565130770161903,finite,true,false,false
esa-tanh-rho4_lag2-d302-m3010,tanh,rho4_lag2,302,3010,1,,right_censored,false,,right_censored,starvation,true,false,16.993231966492022,4.4465335101093801,finite,true,false,false
esa-tanh-rho4_lag2-d302-m3010,tanh,rho4_lag2,302,3010,2,,right_censored,false,,right_censored,starvation,true,false,16.993231966492022,5.4809351756266711,finite,true,false,false
esa-tanh-rho4_lag2-d302-m3011,tanh,rho4_lag2,302,3011,0.25,,right_censored,false,,right_censored,starvation,true,false,22.199223173700741,2.0269775775245162,finite,true,false,false
esa-tanh-rho4_lag2-d302-m3011,tanh,rho4_lag2,302,3011,0.5,,right_censored,false,,right_censored,starvation,true,false,22.199223173700741,2.6357814908884043,finite,true,false,false
esa-tanh-rho4_lag2-d302-m3011,tanh,rho4_lag2,302,3011,1,,right_censored,false,,right_censored,starvation,true,false,22.199223173700741,3.2760759795977554,finite,true,false,false
esa-tanh-rho4_lag2-d302-m3011,tanh,rho4_lag2,302,3011,2,,right_censored,false,,right_censored,starvation,true,false,22.199223173700741,4.2258623678280465,finite,true,false,false
esa-tanh-rho4_lag2-d302-m3012,tanh,rho4_lag2,302,3012,0.25,,right_censored,false,,right_censored,starvation,true,false,25.028377280756835,1.7192319353160816,finite,true,false,false
esa-tanh-rho4_lag2-d302-m3012,tanh,rho4_lag2,302,3012,0.5,,right_censored,false,,right_censored,starvation,true,false,25.028377280756835,2.2704987672765204,finite,true,false,false
esa-tanh-rho4_lag2-d302-m3012,tanh,rho4_lag2,302,3012,1,,right_censored,false,,right_censored,starvation,true,false,25.028377280756835,2.8514661575894671,finite,true,false,false
esa-tanh-rho4_lag2-d302-m3012,tanh,rho4_lag2,302,3012,2,,right_censored,false,,right_censored,starvation,true,false,25.028377280756835,3.7136766139096768,finite,true,false,false
esa-tanh-rho4_lag2-d302-m3013,tanh,rho4_lag2,302,3013,0.25,,right_censored,false,,right_censored,starvation,true,false,23.484474102780226,1.6702007193901607,finite,true,false,false
esa-tanh-rho4_lag2-d302-m3013,tanh,rho4_lag2,302,3013,0.5,,right_censored,false,,right_censored,starvation,true,false,23.484474102780226,2.2845411590694029,finite,true,false,false
esa-tanh-rho4_lag2-d302-m3013,tanh,rho4_lag2,302,3013,1,,right_censored,false,,right_censored,starvation,true,false,23.484474102780226,2.9295425203962417,finite,true,false,false
esa-tanh-rho4_lag2-d302-m3013,tanh,rho4_lag2,302,3013,2,,right_censored,false,,right_censored,starvation,true,false,23.484474102780226,3.8835243013658962,finite,true,false,false
esa-tanh-rho4_lag2-d302-m3014,tanh,rho4_lag2,302,3014,0.25,,right_censored,false,,right_censored,starvation,true,false,22.089241116493941,2.1173372422159322,finite,true,false,false
esa-tanh-rho4_lag2-d302-m3014,tanh,rho4_lag2,302,3014,0.5,,right_censored,false,,right_censored,starvation,true,false,22.089241116493941,2.7267095648604269,finite,true,false,false
esa-tanh-rho4_lag2-d302-m3014,tanh,rho4_lag2,302,3014,1,,right_censored,false,,right_censored,starvation,true,false,22.089241116493941,3.3452343629557189,finite,true,false,false
esa-tanh-rho4_lag2-d302-m3014,tanh,rho4_lag2,302,3014,2,,right_censored,false,,right_censored,starvation,true,false,22.089241116493941,4.2509155088525947,finite,true,false,false
esa-tanh-rho4_lag2-d302-m3015,tanh,rho4_lag2,302,3015,0.25,,right_censored,false,,right_censored,starvation,true,false,24.648568850429726,1.8073037374663117,finite,true,false,false
esa-tanh-rho4_lag2-d302-m3015,tanh,rho4_lag2,302,3015,0.5,,right_censored,false,,right_censored,starvation,true,false,24.648568850429726,2.3487562366770676,finite,true,false,false
esa-tanh-rho4_lag2-d302-m3015,tanh,rho4_lag2,302,3015,1,,right_censored,false,,right_censored,starvation,true,false,24.648568850429726,2.925243696814817,finite,true,false,false
esa-tanh-rho4_lag2-d302-m3015,tanh,rho4_lag2,302,3015,2,,right_censored,false,,right_censored,starvation,true,false,24.648568850429726,3.780997810108194,finite,true,false,false
esa-tanh-rho4_lag2-d302-m3016,tanh,rho4_lag2,302,3016,0.25,,right_censored,true,,right_censored,starvation,true,false,23.94435759754851,1.5418064146287767,finite,true,true,true
esa-tanh-rho4_lag2-d302-m3016,tanh,rho4_lag2,302,3016,0.5,,right_censored,true,,right_censored,starvation,true,false,23.94435759754851,2.1344735507788473,finite,true,true,true
esa-tanh-rho4_lag2-d302-m3016,tanh,rho4_lag2,302,3016,1,,right_censored,true,,right_censored,starvation,true,false,23.94435759754851,2.7701998353125781,finite,true,true,true
esa-tanh-rho4_lag2-d302-m3016,tanh,rho4_lag2,302,3016,2,,right_censored,true,,right_censored,starvation,true,false,23.94435759754851,3.7223679441767863,finite,true,true,true
esa-tanh-rho4_lag2-d302-m3017,tanh,rho4_lag2,302,3017,0.25,,right_censored,true,,right_censored,starvation,true,false,23.079446588060819,1.945352243716332,finite,true,true,true
esa-tanh-rho4_lag2-d302-m3017,tanh,rho4_lag2,302,3017,0.5,,right_censored,true,,right_censored,starvation,true,false,23.079446588060819,2.521099020998443,finite,true,true,true
esa-tanh-rho4_lag2-d302-m3017,tanh,rho4_lag2,302,3017,1,,right_censored,true,,right_censored,starvation,true,false,23.079446588060819,3.1352650252534189,finite,true,true,true
esa-tanh-rho4_lag2-d302-m3017,tanh,rho4_lag2,302,3017,2,,right_censored,true,,right_censored,starvation,true,false,23.079446588060819,4.0520608417790216,finite,true,true,true
esa-tanh-rho4_lag2-d303-m3010,tanh,rho4_lag2,303,3010,0.25,,right_censored,false,,right_censored,starvation,true,false,17.109269134956413,3.046005926665996,finite,true,false,false
esa-tanh-rho4_lag2-d303-m3010,tanh,rho4_lag2,303,3010,0.5,,right_censored,false,,right_censored,starvation,true,false,17.109269134956413,3.711080848877788,finite,true,false,false
esa-tanh-rho4_lag2-d303-m3010,tanh,rho4_lag2,303,3010,1,,right_censored,false,,right_censored,starvation,true,false,17.109269134956413,4.3977089928386173,finite,true,false,false
esa-tanh-rho4_lag2-d303-m3010,tanh,rho4_lag2,303,3010,2,,right_censored,false,,right_censored,starvation,true,false,17.109269134956413,5.4363680986832277,finite,true,false,false
esa-tanh-rho4_lag2-d303-m3011,tanh,rho4_lag2,303,3011,0.25,,right_censored,false,,right_censored,starvation,true,false,22.228022298880383,2.0020957236198917,finite,true,false,false
esa-tanh-rho4_lag2-d303-m3011,tanh,rho4_lag2,303,3011,0.5,,right_censored,false,,right_censored,starvation,true,false,22.228022298880383,2.604994939035151,finite,true,false,false
esa-tanh-rho4_lag2-d303-m3011,tanh,rho4_lag2,303,3011,1,,right_censored,false,,right_censored,starvation,true,false,22.228022298880383,3.2419054437747952,finite,true,false,false
esa-tanh-rho4_lag2-d303-m3011,tanh,rho4_lag2,303,3011,2,,right_censored,false,,right_censored,starvation,true,false,22.228022298880383,4.1955200154615513,finite,true,false,false
esa-tanh-rho4_lag2-d303-m3012,tanh,rho4_lag2,303,3012,0.25,,right_censored,false,,right_censored,starvation,true,false,25.025288726110013,1.6981372828198695,finite,true,false,false
esa-tanh-rho4_lag2-d303-m3012,tanh,rho4_lag2,303,3012,0.5,,right_censored,false,,right_censored,starvation,true,false,25.025288726110013,2.2439930039310787,finite,true,false,false
esa-tanh-rho4_lag2-d303-m3012,tanh,rho4_lag2,303,3012,1,,right_censored,false,,right_censored,starvation,true,false,25.025288726110013,2.8215301998073619,finite,true,false,false
esa-tanh-rho4_lag2-d303-m3012,tanh,rho4_lag2,303,3012,2,,right_censored,false,,right_censored,starvation,true,false,25.025288726110013,3.6876169111607657,finite,true,false,false
esa-tanh-rho4_lag2-d303-m3013,tanh,rho4_lag2,303,3013,0.25,,right_censored,false,,right_censored,starvation,true,false,23.483682902250436,1.6499434234656054,finite,true,false,false
esa-tanh-rho4_lag2-d303-m3013,tanh,rho4_lag2,303,3013,0.5,,right_censored,false,,right_censored,starvation,true,false,23.483682902250436,2.2581507851080089,finite,true,false,false
esa-tanh-rho4_lag2-d303-m3013,tanh,rho4_lag2,303,3013,1,,right_censored,false,,right_censored,starvation,true,false,23.483682902250436,2.8997887527875474,finite,true,false,false
esa-tanh-rho4_lag2-d303-m3013,tanh,rho4_lag2,303,3013,2,,right_censored,false,,right_censored,starvation,true,false,23.483682902250436,3.8576103366034769,finite,true,false,false
esa-tanh-rho4_lag2-d303-m3014,tanh,rho4_lag2,303,3014,0.25,,right_censored,false,,right_censored,starvation,true,false,22.125656116474417,2.0911207762379536,finite,true,false,false
esa-tanh-rho4_lag2-d303-m3014,tanh,rho4_lag2,303,3014,0.5,,right_censored,false,,right_censored,starvation,true,false,22.125656116474417,2.6947903418857635,finite,true,false,false
esa-tanh-rho4_lag2-d303-m3014,tanh,rho4_lag2,303,3014,1,,right_censored,false,,right_censored,starvation,true,false,22.125656116474417,3.3098668072334276,finite,true,false,false
esa-tanh-rho4_lag2-d303-m3014,tanh,rho4_lag2,303,3014,2,,right_censored,false,,right_censored,starvation,true,false,22.125656116474417,4.2197052910312367,finite,true,false,false
esa-tanh-rho4_lag2-d303-m3015,tanh,rho4_lag2,303,3015,0.25,,right_censored,false,,right_censored,starvation,true,false,24.65451656628866,1.784603531610073,finite,true,false,false
esa-tanh-rho4_lag2-d303-m3015,tanh,rho4_lag2,303,3015,0.5,,right_censored,false,,right_censored,starvation,true,false,24.65451656628866,2.3207334382081601,finite,true,false,false
esa-tanh-rho4_lag2-d303-m3015,tanh,rho4_lag2,303,3015,1,,right_censored,false,,right_censored,starvation,true,false,24.65451656628866,2.8946504232007735,finite,true,false,false
esa-tanh-rho4_lag2-d303-m3015,tanh,rho4_lag2,303,3015,2,,right_censored,false,,right_censored,starvation,true,false,24.65451656628866,3.7537769262932477,finite,true,false,false
esa-tanh-rho4_lag2-d303-m3016,tanh,rho4_lag2,303,3016,0.25,,right_censored,true,,right_censored,starvation,true,false,23.932295979373155,1.5228274952582077,finite,true,true,true
esa-tanh-rho4_lag2-d303-m3016,tanh,rho4_lag2,303,3016,0.5,,right_censored,true,,right_censored,starvation,true,false,23.932295979373155,2.1101341032522751,finite,true,true,true
esa-tanh-rho4_lag2-d303-m3016,tanh,rho4_lag2,303,3016,1,,right_censored,true,,right_censored,starvation,true,false,23.932295979373155,2.7425411561716491,finite,true,true,true
esa-tanh-rho4_lag2-d303-m3016,tanh,rho4_lag2,303,3016,2,,right_censored,true,,right_censored,starvation,true,false,23.932295979373155,3.6983311276863935,finite,true,true,true
esa-tanh-rho4_lag2-d303-m3017,tanh,rho4_lag2,303,3017,0.25,,right_censored,true,,right_censored,starvation,true,false,23.098916057893078,1.9208046896311672,finite,true,true,true
esa-tanh-rho4_lag2-d303-m3017,tanh,rho4_lag2,303,3017,0.5,,right_censored,true,,right_censored,starvation,true,false,23.098916057893078,2.4914461908913186,finite,true,true,true
esa-tanh-rho4_lag2-d303-m3017,tanh,rho4_lag2,303,3017,1,,right_censored,true,,right_censored,starvation,true,false,23.098916057893078,3.1023343514738335,finite,true,true,true
esa-tanh-rho4_lag2-d303-m3017,tanh,rho4_lag2,303,3017,2,,right_censored,true,,right_censored,starvation,true,false,23.098916057893078,4.0228505393636729,finite,true,true,true
esa-tanh-rho4_lag2-d304-m3010,tanh,rho4_lag2,304,3010,0.25,,right_censored,false,,right_censored,starvation,true,false,17.021044964558676,3.0753609598360137,finite,true,false,false
esa-tanh-rho4_lag2-d304-m3010,tanh,rho4_lag2,304,3010,0.5,,right_censored,false,,right_censored,starvation,true,false,17.021044964558676,3.7456275566341732,finite,true,false,false
esa-tanh-rho4_lag2-d304-m3010,tanh,rho4_lag2,304,3010,1,,right_censored,false,,right_censored,starvation,true,false,17.021044964558676,4.4346884365288766,finite,true,false,false
esa-tanh-rho4_lag2-d304-m3010,tanh,rho4_lag2,304,3010,2,,right_censored,false,,right_censored,starvation,true,false,17.021044964558676,5.4702201683938165,finite,true,false,false
esa-tanh-rho4_lag2-d304-m3011,tanh,rho4_lag2,304,3011,0.25,,right_censored,false,,right_censored,starvation,true,false,22.206096668209646,2.0209118781992386,finite,true,false,false
esa-tanh-rho4_lag2-d304-m3011,tanh,rho4_lag2,304,3011,0.5,,right_censored,false,,right_censored,starvation,true,false,22.206096668209646,2.6282675919073197,finite,true,false,false
esa-tanh-rho4_lag2-d304-m3011,tanh,rho4_lag2,304,3011,1,,right_censored,false,,right_censored,starvation,true,false,22.206096668209646,3.267848193080896,finite,true,false,false
esa-tanh-rho4_lag2-d304-m3011,tanh,rho4_lag2,304,3011,2,,right_censored,false,,right_censored,starvation,true,false,22.206096668209646,4.2185804755212279,finite,true,false,false
esa-tanh-rho4_lag2-d304-m3012,tanh,rho4_lag2,304,3012,0.25,,right_censored,false,,right_censored,starvation,true,false,25.027627563010896,1.7141205479143411,finite,true,false,false
esa-tanh-rho4_lag2-d304-m3012,tanh,rho4_lag2,304,3012,0.5,,right_censored,false,,right_censored,starvation,true,false,25.027627563010896,2.264119322958507,finite,true,false,false
esa-tanh-rho4_lag2-d304-m3012,tanh,rho4_lag2,304,3012,1,,right_censored,false,,right_censored,starvation,true,false,25.027627563010896,2.8442413399246873,finite,true,false,false
esa-tanh-rho4_lag2-d304-m3012,tanh,rho4_lag2,304,3012,2,,right_censored,false,,right_censored,starvation,true,false,25.027627563010896,3.7073816112786404,finite,true,false,false
esa-tanh-rho4_lag2-d304-m3013,tanh,rho4_lag2,304,3013,0.25,,right_censored,false,,right_censored,starvation,true,false,23.484246073290706,1.6652740403256059,finite,true,false,false
esa-tanh-rho4_lag2-d304-m3013,tanh,rho4_lag2,304,3013,0.5,,right_censored,false,,right_censored,starvation,true,false,23.484246073290706,2.2781129261558677,finite,true,false,false
esa-tanh-rho4_lag2-d304-m3013,tanh,rho4_lag2,304,3013,1,,right_censored,false,,right_censored,starvation,true,false,23.484246073290706,2.9223439906137716,finite,true,false,false
esa-tanh-rho4_lag2-d304-m3013,tanh,rho4_lag2,304,3013,2,,right_censored,false,,right_censored,starvation,true,false,23.484246073290706,3.8773199174881894,finite,true,false,false
esa-tanh-rho4_lag2-d304-m3014,tanh,rho4_lag2,304,3014,0.25,,right_censored,false,,right_censored,starvation,true,false,22.097985002072527,2.1110675811158579,finite,true,false,false
esa-tanh-rho4_lag2-d304-m3014,tanh,rho4_lag2,304,3014,0.5,,right_censored,false,,right_censored,starvation,true,false,22.097985002072527,2.7189806135178562,finite,true,false,false
esa-tanh-rho4_lag2-d304-m3014,tanh,rho4_lag2,304,3014,1,,right_censored,false,,right_censored,starvation,true,false,22.097985002072527,3.3366551869051118,finite,true,false,false
esa-tanh-rho4_lag2-d304-m3014,tanh,rho4_lag2,304,3014,2,,right_censored,false,,right_censored,starvation,true,false,22.097985002072527,4.2434306083016855,finite,true,false,false
esa-tanh-rho4_lag2-d304-m3015,tanh,rho4_lag2,304,3015,0.25,,right_censored,false,,right_censored,starvation,true,false,24.649970898916948,1.802000513642968,finite,true,false,false
esa-tanh-rho4_lag2-d304-m3015,tanh,rho4_lag2,304,3015,0.5,,right_censored,false,,right_censored,starvation,true,false,24.649970898916948,2.3419176489930758,finite,true,false,false
esa-tanh-rho4_lag2-d304-m3015,tanh,rho4_lag2,304,3015,1,,right_censored,false,,right_censored,starvation,true,false,24.649970898916948,2.9178701698330518,finite,true,false,false
esa-tanh-rho4_lag2-d304-m3015,tanh,rho4_lag2,304,3015,2,,right_censored,false,,right_censored,starvation,true,false,24.649970898916948,3.7744806281262528,finite,true,false,false
esa-tanh-rho4_lag2-d304-m3016,tanh,rho4_lag2,304,3016,0.25,,right_censored,true,,right_censored,starvation,true,false,23.941400598920879,1.5371939922636382,finite,true,true,true
esa-tanh-rho4_lag2-d304-m3016,tanh,rho4_lag2,304,3016,0.5,,right_censored,true,,right_censored,starvation,true,false,23.941400598920879,2.1285515107922564,finite,true,true,true
esa-tanh-rho4_lag2-d304-m3016,tanh,rho4_lag2,304,3016,1,,right_censored,true,,right_censored,starvation,true,false,23.941400598920879,2.7635570044240505,finite,true,true,true
esa-tanh-rho4_lag2-d304-m3016,tanh,rho4_lag2,304,3016,2,,right_censored,true,,right_censored,starvation,true,false,23.941400598920879,3.7166079500374867,finite,true,true,true
esa-tanh-rho4_lag2-d304-m3017,tanh,rho4_lag2,304,3017,0.25,,right_censored,true,,right_censored,starvation,true,false,23.084233257267623,1.9393681886461474,finite,true,true,true
esa-tanh-rho4_lag2-d304-m3017,tanh,rho4_lag2,304,3017,0.5,,right_censored,true,,right_censored,starvation,true,false,23.084233257267623,2.5139772316588362,finite,true,true,true
esa-tanh-rho4_lag2-d304-m3017,tanh,rho4_lag2,304,3017,1,,right_censored,true,,right_censored,starvation,true,false,23.084233257267623,3.1272879632662596,finite,true,true,true
esa-tanh-rho4_lag2-d304-m3017,tanh,rho4_lag2,304,3017,2,,right_censored,true,,right_censored,starvation,true,false,23.084233257267623,4.0450390653049597,finite,true,true,true
esa-tanh-rho5_lag3-d301-m3010,tanh,rho5_lag3,301,3010,0.25,,right_censored,true,,right_censored,starvation,true,false,11.463697113021043,5.1923061939581494,finite,true,true,true
esa-tanh-rho5_lag3-d301-m3010,tanh,rho5_lag3,301,3010,0.5,,right_censored,true,,right_censored,starvation,true,false,11.463697113021043,5.7603286272164489,finite,true,true,true
esa-tanh-rho5_lag3-d301-m3010,tanh,rho5_lag3,301,3010,1,,right_censored,true,,right_censored,starvation,true,false,11.463697113021043,6.289175018523574,finite,true,true,true
esa-tanh-rho5_lag3-d301-m3010,tanh,rho5_lag3,301,3010,2,,right_censored,true,,right_censored,starvation,true,false,11.463697113021043,7.0253761336106963,finite,true,true,true
esa-tanh-rho5_lag3-d301-m3011,tanh,rho5_lag3,301,3011,0.25,,right_censored,false,,right_censored,starvation,true,false,21.782156031765041,2.7674646065346571,finite,true,false,false
esa-tanh-rho5_lag3-d301-m3011,tanh,rho5_lag3,301,3011,0.5,,right_censored,false,,right_censored,starvation,true,false,21.782156031765041,3.3142280744014583,finite,true,false,false
esa-tanh-rho5_lag3-d301-m3011,tanh,rho5_lag3,301,3011,1,,right_censored,false,,right_censored,starvation,true,false,21.782156031765041,3.8364354440318014,finite,true,false,false
esa-tanh-rho5_lag3-d301-m3011,tanh,rho5_lag3,301,3011,2,,right_censored,false,,right_censored,starvation,true,false,21.782156031765041,4.5782130087557134,finite,true,false,false
esa-tanh-rho5_lag3-d301-m3012,tanh,rho5_lag3,301,3012,0.25,,right_censored,true,,right_censored,starvation,true,false,23.029272524220868,2.6654203153149116,finite,true,true,true
esa-tanh-rho5_lag3-d301-m3012,tanh,rho5_lag3,301,3012,0.5,,right_censored,true,,right_censored,starvation,true,false,23.029272524220868,3.1639190251319085,finite,true,true,true
esa-tanh-rho5_lag3-d301-m3012,tanh,rho5_lag3,301,3012,1,,right_censored,true,,right_censored,starvation,true,false,23.029272524220868,3.6488742467748914,finite,true,true,true
esa-tanh-rho5_lag3-d301-m3012,tanh,rho5_lag3,301,3012,2,,right_censored,true,,right_censored,starvation,true,false,23.029272524220868,4.3360181744154822,finite,true,true,true
esa-tanh-rho5_lag3-d301-m3013,tanh,rho5_lag3,301,3013,0.25,,right_censored,false,,right_censored,starvation,true,false,23.7610151018016,2.2438976910378359,finite,true,false,false
esa-tanh-rho5_lag3-d301-m3013,tanh,rho5_lag3,301,3013,0.5,,right_censored,false,,right_censored,starvation,true,false,23.7610151018016,2.7959445702785044,finite,true,false,false
esa-tanh-rho5_lag3-d301-m3013,tanh,rho5_lag3,301,3013,1,,right_censored,false,,right_censored,starvation,true,false,23.7610151018016,3.3363255910112177,finite,true,false,false
esa-tanh-rho5_lag3-d301-m3013,tanh,rho5_lag3,301,3013,2,,right_censored,false,,right_censored,starvation,true,false,23.7610151018016,4.1122428123722576,finite,true,false,false
esa-tanh-rho5_lag3-d301-m3014,tanh,rho5_lag3,301,3014,0.25,,right_censored,false,,right_censored,starvation,true,false,22.691144020576033,2.609492629788003,finite,true,false,false
esa-tanh-rho5_lag3-d301-m3014,tanh,rho5_lag3,301,3014,0.5,,right_censored,false,,right_censored,starvation,true,false,22.691144020576033,3.1367337654551739,finite,true,false,false
esa-tanh-rho5_lag3-d301-m3014,tanh,rho5_lag3,301,3014,1,,right_censored,false,,right_censored,starvation,true,false,22.691144020576033,3.6507825080703751,finite,true,false,false
esa-tanh-rho5_lag3-d301-m3014,tanh,rho5_lag3,301,3014,2,,right_censored,false,,right_censored,starvation,true,false,22.691144020576033,4.3843709021403336,finite,true,false,false
esa-tanh-rho5_lag3-d301-m3015,tanh,rho5_lag3,301,3015,0.25,,right_censored,true,,right_censored,starvation,true,false,24.843535687029362,2.003024720546235,finite,true,true,true
esa-tanh-rho5_lag3-d301-m3015,tanh,rho5_lag3,301,3015,0.5,,right_censored,true,,right_censored,starvation,true,false,24.843535687029362,2.5377367481923656,finite,true,true,true
esa-tanh-rho5_lag3-d301-m3015,tanh,rho5_lag3,301,3015,1,,right_censored,true,,right_censored,starvation,true,false,24.843535687029362,3.0599621077674284,finite,true,true,true
esa-tanh-rho5_lag3-d301-m3015,tanh,rho5_lag3,301,3015,2,,right_censored,true,,right_censored,starvation,true,false,24.843535687029362,3.8092907300133683,finite,true,true,true
esa-tanh-rho5_lag3-d301-m3016,tanh,rho5_lag3,301,3016,0.25,,right_censored,false,,right_censored,starvation,true,false,23.753188599157149,2.3400632418906961,finite,true,false,false
esa-tanh-rho5_lag3-d301-m3016,tanh,rho5_lag3,301,3016,0.5,,right_censored,false,,right_censored,starvation,true,false,23.753188599157149,2.8473200044543812,finite,true,false,false
esa-tanh-rho5_lag3-d301-m3016,tanh,rho5_lag3,301,3016,1,,right_censored,false,,right_censored,starvation,true,false,23.753188599157149,3.3352253431747894,finite,true,false,false
esa-tanh-rho5_lag3-d301-m3016,tanh,rho5_lag3,301,3016,2,,right_censored,false,,right_censored,starvation,true,false,23.753188599157149,4.0444585249450551,finite,true,false,false
esa-tanh-rho5_lag3-d301-m3017,tanh,rho5_lag3,301,3017,0.25,,right_censored,false,,right_censored,starvation,true,false,23.173421811778095,2.6644733952486939,finite,true,false,false
esa-tanh-rho5_lag3-d301-m3017,tanh,rho5_lag3,301,3017,0.5,,right_censored,false,,right_censored,starvation,true,false,23.173421811778095,3.1597527212941263,finite,true,false,false
esa-tanh-rho5_lag3-d301-m3017,tanh,rho5_lag3,301,3017,1,,right_censored,false,,right_censored,starvation,true,false,23.173421811778095,3.6345135173494763,finite,true,false,false
esa-tanh-rho5_lag3-d301-m3017,tanh,rho5_lag3,301,3017,2,,right_censored,false,,right_censored,starvation,true,false,23.173421811778095,4.3131883696108959,finite,true,false,false
esa-tanh-rho5_lag3-d302-m3010,tanh,rho5_lag3,302,3010,0.25,,right_censored,true,,right_censored,starvation,true,false,11.39481523601571,5.2093820033103233,finite,true,true,true
esa-tanh-rho5_lag3-d302-m3010,tanh,rho5_lag3,302,3010,0.5,,right_censored,true,,right_censored,starvation,true,false,11.39481523601571,5.7785635176915147,finite,true,true,true
esa-tanh-rho5_lag3-d302-m3010,tanh,rho5_lag3,302,3010,1,,right_censored,true,,right_censored,starvation,true,false,11.39481523601571,6.3081181873070351,finite,true,true,true
esa-tanh-rho5_lag3-d302-m3010,tanh,rho5_lag3,302,3010,2,,right_censored,true,,right_censored,starvation,true,false,11.39481523601571,7.0433523658666859,finite,true,true,true
esa-tanh-rho5_lag3-d302-m3011,tanh,rho5_lag3,302,3011,0.25,,right_censored,false,,right_censored,starvation,true,false,21.749281830573455,2.7762581934207979,finite,true,false,false
esa-tanh-rho5_lag3-d302-m3011,tanh,rho5_lag3,302,3011,0.5,,right_censored,false,,right_censored,starvation,true,false,21.749281830573455,3.3242044795110552,finite,true,false,false
esa-tanh-rho5_lag3-d302-m3011,tanh,rho5_lag3,302,3011,1,,right_censored,false,,right_censored,starvation,true,false,21.749281830573455,3.8471700442462269,finite,true,false,false
esa-tanh-rho5_lag3-d302-m3011,tanh,rho5_lag3,302,3011,2,,right_censored,false,,right_censored,starvation,true,false,21.749281830573455,4.587920942366396,finite,true,false,false
esa-tanh-rho5_lag3-d302-m3012,tanh,rho5_lag3,302,3012,0.25,,right_censored,true,,right_censored,starvation,true,false,22.997430236916991,2.673931592014879,finite,true,true,true
esa-tanh-rho5_lag3-d302-m3012,tanh,rho5_lag3,302,3012,0.5,,right_censored,true,,right_censored,starvation,true,false,22.997430236916991,3.1735205599601013,finite,true,true,true
esa-tanh-rho5_lag3-d302-m3012,tanh,rho5_lag3,302,3012,1,,right_censored,true,,right_censored,starvation,true,false,22.997430236916991,3.658944130580132,finite,true,true,true
esa-tanh-rho5_lag3-d302-m3012,tanh,rho5_lag3,302,3012,2,,right_censored,true,,right_censored,starvation,true,false,22.997430236916991,4.345302292924357,finite,true,true,true
esa-tanh-rho5_lag3-d302-m3013,tanh,rho5_lag3,302,3013,0.25,,right_censored,false,,right_censored,starvation,true,false,23.736066267546263,2.2510743462455536,finite,true,false,false
esa-tanh-rho5_lag3-d302-m3013,tanh,rho5_lag3,302,3013,0.5,,right_censored,false,,right_censored,starvation,true,false,23.736066267546263,2.8041889982405741,finite,true,false,false
esa-tanh-rho5_lag3-d302-m3013,tanh,rho5_lag3,302,3013,1,,right_censored,false,,right_censored,starvation,true,false,23.736066267546263,3.3452263120960901,finite,true,false,false
esa-tanh-rho5_lag3-d302-m3013,tanh,rho5_lag3,302,3013,2,,right_censored,false,,right_censored,starvation,true,false,23.736066267546263,4.1202135473126891,finite,true,false,false
esa-tanh-rho5_lag3-d302-m3014,tanh,rho5_lag3,302,3014,0.25,,right_censored,false,,right_censored,starvation,true,false,22.659956939099356,2.6177193954563691,finite,true,false,false
esa-tanh-rho5_lag3-d302-m3014,tanh,rho5_lag3,302,3014,0.5,,right_censored,false,,right_censored,starvation,true,false,22.659956939099356,3.1465315661519555,finite,true,false,false
esa-tanh-rho5_lag3-d302-m3014,tanh,rho5_lag3,302,3014,1,,right_censored,false,,right_censored,starvation,true,false,22.659956939099356,3.6607550432385341,finite,true,false,false
esa-tanh-rho5_lag3-d302-m3014,tanh,rho5_lag3,302,3014,2,,right_censored,false,,right_censored,starvation,true,false,22.659956939099356,4.3935643810354632,finite,true,false,false
esa-tanh-rho5_lag3-d302-m3015,tanh,rho5_lag3,302,3015,0.25,,right_censored,true,,right_censored,starvation,true,false,24.822210425790402,2.0091990152800059,finite,true,true,true
esa-tanh-rho5_lag3-d302-m3015,tanh,rho5_lag3,302,3015,0.5,,right_censored,true,,right_censored,starvation,true,false,24.822210425790402,2.5455018082772463,finite,true,true,true
esa-tanh-rho5_lag3-d302-m3015,tanh,rho5_lag3,302,3015,1,,right_censored,true,,right_censored,starvation,true,false,24.822210425790402,3.0680470278593566,finite,true,true,true
esa-tanh-rho5_lag3-d302-m3015,tanh,rho5_lag3,302,3015,2,,right_censored,true,,right_censored,starvation,true,false,24.822210425790402,3.81657410873202,finite,true,true,true
esa-tanh-rho5_lag3-d302-m3016,tanh,rho5_lag3,302,3016,0.25,,right_censored,false,,right_censored,starvation,true,false,23.724768843618222,2.3476960432593841,finite,true,false,false
esa-tanh-rho5_lag3-d302-m3016,tanh,rho5_lag3,302,3016,0.5,,right_censored,false,,right_censored,starvation,true,false,23.724768843618222,2.8557504973616115,finite,true,false,false
esa-tanh-rho5_lag3-d302-m3016,tanh,rho5_lag3,302,3016,1,,right_censored,false,,right_censored,starvation,true,false,23.724768843618222,3.3443366915552915,finite,true,false,false
esa-tanh-rho5_lag3-d302-m3016,tanh,rho5_lag3,302,3016,2,,right_censored,false,,right_censored,starvation,true,false,23.724768843618222,4.0525438568652303,finite,true,false,false
esa-tanh-rho5_lag3-d302-m3017,tanh,rho5_lag3,302,3017,0.25,,right_censored,false,,right_censored,starvation,true,false,23.144511602004059,2.6730550272525377,finite,true,false,false
esa-tanh-rho5_lag3-d302-m3017,tanh,rho5_lag3,302,3017,0.5,,right_censored,false,,right_censored,starvation,true,false,23.144511602004059,3.1693908574121057,finite,true,false,false
esa-tanh-rho5_lag3-d302-m3017,tanh,rho5_lag3,302,3017,1,,right_censored,false,,right_censored,starvation,true,false,23.144511602004059,3.6449324612768499,finite,true,false,false
esa-tanh-rho5_lag3-d302-m3017,tanh,rho5_lag3,302,3017,2,,right_censored,false,,right_censored,starvation,true,false,23.144511602004059,4.322651899474196,finite,true,false,false
esa-tanh-rho5_lag3-d303-m3010,tanh,rho5_lag3,303,3010,0.25,,right_censored,true,,right_censored,starvation,true,false,11.642561944178304,5.1426591949102827,finite,true,true,true
esa-tanh-rho5_lag3-d303-m3010,tanh,rho5_lag3,303,3010,0.5,,right_censored,true,,right_censored,starvation,true,false,11.642561944178304,5.7068439223722827,finite,true,true,true
esa-tanh-rho5_lag3-d303-m3010,tanh,rho5_lag3,303,3010,1,,right_censored,true,,right_censored,starvation,true,false,11.642561944178304,6.2336897335217243,finite,true,true,true
esa-tanh-rho5_lag3-d303-m3010,tanh,rho5_lag3,303,3010,2,,right_censored,true,,right_censored,starvation,true,false,11.642561944178304,6.9724182196948368,finite,true,true,true
esa-tanh-rho5_lag3-d303-m3011,tanh,rho5_lag3,303,3011,0.25,,right_censored,false,,right_censored,starvation,true,false,21.840826160553842,2.741872172319276,finite,true,false,false
esa-tanh-rho5_lag3-d303-m3011,tanh,rho5_lag3,303,3011,0.5,,right_censored,false,,right_censored,starvation,true,false,21.840826160553842,3.2846231022771781,finite,true,false,false
esa-tanh-rho5_lag3-d303-m3011,tanh,rho5_lag3,303,3011,1,,right_censored,false,,right_censored,starvation,true,false,21.840826160553842,3.8050097912931058,finite,true,false,false
esa-tanh-rho5_lag3-d303-m3011,tanh,rho5_lag3,303,3011,2,,right_censored,false,,right_censored,starvation,true,false,21.840826160553842,4.5490019937638664,finite,true,false,false
esa-tanh-rho5_lag3-d303-m3012,tanh,rho5_lag3,303,3012,0.25,,right_censored,true,,right_censored,starvation,true,false,23.082107193861155,2.6405588326147234,finite,true,true,true
esa-tanh-rho5_lag3-d303-m3012,tanh,rho5_lag3,303,3012,0.5,,right_censored,true,,right_censored,starvation,true,false,23.082107193861155,3.1354512591140247,finite,true,true,true
esa-tanh-rho5_lag3-d303-m3012,tanh,rho5_lag3,303,3012,1,,right_censored,true,,right_censored,starvation,true,false,23.082107193861155,3.6184350000444931,finite,true,true,true
esa-tanh-rho5_lag3-d303-m3012,tanh,rho5_lag3,303,3012,2,,right_censored,true,,right_censored,starvation,true,false,23.082107193861155,4.3081202661570046,finite,true,true,true
esa-tanh-rho5_lag3-d303-m3013,tanh,rho5_lag3,303,3013,0.25,,right_censored,false,,right_censored,starvation,true,false,23.791391877271234,2.2230523043068908,finite,true,false,false
esa-tanh-rho5_lag3-d303-m3013,tanh,rho5_lag3,303,3013,0.5,,right_censored,false,,right_censored,starvation,true,false,23.791391877271234,2.7712408318449868,finite,true,false,false
esa-tanh-rho5_lag3-d303-m3013,tanh,rho5_lag3,303,3013,1,,right_censored,false,,right_censored,starvation,true,false,23.791391877271234,3.3099872674823438,finite,true,false,false
esa-tanh-rho5_lag3-d303-m3013,tanh,rho5_lag3,303,3013,2,,right_censored,false,,right_censored,starvation,true,false,23.791391877271234,4.0883317263228314,finite,true,false,false
esa-tanh-rho5_lag3-d303-m3014,tanh,rho5_lag3,303,3014,0.25,,right_censored,false,,right_censored,starvation,true,false,22.736815745057534,2.5850118999357967,finite,true,false,false
esa-tanh-rho5_lag3-d303-m3014,tanh,rho5_lag3,303,3014,0.5,,right_censored,false,,right_censored,starvation,true,false,22.736815745057534,3.1087207008825799,finite,true,false,false
esa-tanh-rho5_lag3-d303-m3014,tanh,rho5_lag3,303,3014,1,,right_censored,false,,right_censored,starvation,true,false,22.736815745057534,3.620535409540135,finite,true,false,false
esa-tanh-rho5_lag3-d303-m3014,tanh,rho5_lag3,303,3014,2,,right_censored,false,,right_censored,starvation,true,false,22.736815745057534,4.3566884564519182,finite,true,false,false
esa-tanh-rho5_lag3-d303-m3015,tanh,rho5_lag3,303,3015,0.25,,right_censored,true,,right_censored,starvation,true,false,24.851911095622928,1.9841969685656686,finite,true,true,true
esa-tanh-rho5_lag3-d303-m3015,tanh,rho5_lag3,303,3015,0.5,,right_censored,true,,right_censored,starvation,true,false,24.851911095622928,2.5153206929343495,finite,true,true,true
esa-tanh-rho5_lag3-d303-m3015,tanh,rho5_lag3,303,3015,1,,right_censored,true,,right_censored,starvation,true,false,24.851911095622928,3.0355389281412894,finite,true,true,true
esa-tanh-rho5_lag3-d303-m3015,tanh,rho5_lag3,303,3015,2,,right_censored,true,,right_censored,starvation,true,false,24.851911095622928,3.7874615784564098,finite,true,true,true
esa-tanh-rho5_lag3-d303-m3016,tanh,rho5_lag3,303,3016,0.25,,right_censored,false,,right_censored,starvation,true,false,23.791772795259021,2.3182454882100676,finite,true,false,false
esa-tanh-rho5_lag3-d303-m3016,tanh,rho5_lag3,303,3016,0.5,,right_censored,false,,right_censored,starvation,true,false,23.791772795259021,2.8217662489929327,finite,true,false,false
esa-tanh-rho5_lag3-d303-m3016,tanh,rho5_lag3,303,3016,1,,right_censored,false,,right_censored,starvation,true,false,23.791772795259021,3.3084151465144287,finite,true,false,false
esa-tanh-rho5_lag3-d303-m3016,tanh,rho5_lag3,303,3016,2,,right_censored,false,,right_censored,starvation,true,false,23.791772795259021,4.0202702702702702,finite,true,false,false
esa-tanh-rho5_lag3-d303-m3017,tanh,rho5_lag3,303,3017,0.25,,right_censored,false,,right_censored,starvation,true,false,23.231005870318036,2.6393844022920336,finite,true,false,false
esa-tanh-rho5_lag3-d303-m3017,tanh,rho5_lag3,303,3017,0.5,,right_censored,false,,right_censored,starvation,true,false,23.231005870318036,3.1309005739467852,finite,true,false,false
esa-tanh-rho5_lag3-d303-m3017,tanh,rho5_lag3,303,3017,1,,right_censored,false,,right_censored,starvation,true,false,23.231005870318036,3.6041788731449449,finite,true,false,false
esa-tanh-rho5_lag3-d303-m3017,tanh,rho5_lag3,303,3017,2,,right_censored,false,,right_censored,starvation,true,false,23.231005870318036,4.2851904530024418,finite,true,false,false
esa-tanh-rho5_lag3-d304-m3010,tanh,rho5_lag3,304,3010,0.25,,right_censored,true,,right_censored,starvation,true,false,11.454580189619445,5.1933572112781645,finite,true,true,true
esa-tanh-rho5_lag3-d304-m3010,tanh,rho5_lag3,304,3010,0.5,,right_censored,true,,right_censored,starvation,true,false,11.454580189619445,5.7613444614186173,finite,true,true,true
esa-tanh-rho5_lag3-d304-m3010,tanh,rho5_lag3,304,3010,1,,right_censored,true,,right_censored,starvation,true,false,11.454580189619445,6.2901797804547774,finite,true,true,true
esa-tanh-rho5_lag3-d304-m3010,tanh,rho5_lag3,304,3010,2,,right_censored,true,,right_censored,starvation,true,false,11.454580189619445,7.0263254708383398,finite,true,true,true
esa-tanh-rho5_lag3-d304-m3011,tanh,rho5_lag3,304,3011,0.25,,right_censored,false,,right_censored,starvation,true,false,21.771820782730355,2.7679482466659837,finite,true,false,false
esa-tanh-rho5_lag3-d304-m3011,tanh,rho5_lag3,304,3011,0.5,,right_censored,false,,right_censored,starvation,true,false,21.771820782730355,3.3147232574164986,finite,true,false,false
esa-tanh-rho5_lag3-d304-m3011,tanh,rho5_lag3,304,3011,1,,right_censored,false,,right_censored,starvation,true,false,21.771820782730355,3.836896403593685,finite,true,false,false
esa-tanh-rho5_lag3-d304-m3011,tanh,rho5_lag3,304,3011,2,,right_censored,false,,right_censored,starvation,true,false,21.771820782730355,4.5786113998971629,finite,true,false,false
esa-tanh-rho5_lag3-d304-m3012,tanh,rho5_lag3,304,3012,0.25,,right_censored,true,,right_censored,starvation,true,false,23.018372981809076,2.6658977270892428,finite,true,true,true
esa-tanh-rho5_lag3-d304-m3012,tanh,rho5_lag3,304,3012,0.5,,right_censored,true,,right_censored,starvation,true,false,23.018372981809076,3.1644067591722527,finite,true,true,true
esa-tanh-rho5_lag3-d304-m3012,tanh,rho5_lag3,304,3012,1,,right_censored,true,,right_censored,starvation,true,false,23.018372981809076,3.6493350022184852,finite,true,true,true
esa-tanh-rho5_lag3-d304-m3012,tanh,rho5_lag3,304,3012,2,,right_censored,true,,right_censored,starvation,true,false,23.018372981809076,4.3364126744363301,finite,true,true,true
esa-tanh-rho5_lag3-d304-m3013,tanh,rho5_lag3,304,3013,0.25,,right_censored,false,,right_censored,starvation,true,false,23.749902045726778,2.2442793268747208,finite,true,false,false
esa-tanh-rho5_lag3-d304-m3013,tanh,rho5_lag3,304,3013,0.5,,right_censored,false,,right_censored,starvation,true,false,23.749902045726778,2.7963390727733564,finite,true,false,false
esa-tanh-rho5_lag3-d304-m3013,tanh,rho5_lag3,304,3013,1,,right_censored,false,,right_censored,starvation,true,false,23.749902045726778,3.3366645787470053,finite,true,false,false
esa-tanh-rho5_lag3-d304-m3013,tanh,rho5_lag3,304,3013,2,,right_censored,false,,right_censored,starvation,true,false,23.749902045726778,4.11252803885949,finite,true,false,false
esa-tanh-rho5_lag3-d304-m3014,tanh,rho5_lag3,304,3014,0.25,,right_censored,false,,right_censored,starvation,true,false,22.67896914007142,2.6099511973231047,finite,true,false,false
esa-tanh-rho5_lag3-d304-m3014,tanh,rho5_lag3,304,3014,0.5,,right_censored,false,,right_censored,starvation,true,false,22.67896914007142,3.1372267893346604,finite,true,false,false
esa-tanh-rho5_lag3-d304-m3014,tanh,rho5_lag3,304,3014,1,,right_censored,false,,right_censored,starvation,true,false,22.67896914007142,3.6512146840810087,finite,true,false,false
esa-tanh-rho5_lag3-d304-m3014,tanh,rho5_lag3,304,3014,2,,right_censored,false,,right_censored,starvation,true,false,22.67896914007142,4.3847459949741578,finite,true,false,false
esa-tanh-rho5_lag3-d304-m3015,tanh,rho5_lag3,304,3015,0.25,,right_censored,true,,right_censored,starvation,true,false,24.829926288221028,2.0033613047789913,finite,true,true,true
esa-tanh-rho5_lag3-d304-m3015,tanh,rho5_lag3,304,3015,0.5,,right_censored,true,,right_censored,starvation,true,false,24.829926288221028,2.5381091079859335,finite,true,true,true
esa-tanh-rho5_lag3-d304-m3015,tanh,rho5_lag3,304,3015,1,,right_censored,true,,right_censored,starvation,true,false,24.829926288221028,3.0602774499928049,finite,true,true,true
esa-tanh-rho5_lag3-d304-m3015,tanh,rho5_lag3,304,3015,2,,right_censored,true,,right_censored,starvation,true,false,24.829926288221028,3.8095413954024315,finite,true,true,true
esa-tanh-rho5_lag3-d304-m3016,tanh,rho5_lag3,304,3016,0.25,,right_censored,false,,right_censored,starvation,true,false,23.741371056064963,2.3404753225610984,finite,true,false,false
esa-tanh-rho5_lag3-d304-m3016,tanh,rho5_lag3,304,3016,0.5,,right_censored,false,,right_censored,starvation,true,false,23.741371056064963,2.8477481091385353,finite,true,false,false
esa-tanh-rho5_lag3-d304-m3016,tanh,rho5_lag3,304,3016,1,,right_censored,false,,right_censored,starvation,true,false,23.741371056064963,3.335596804875006,finite,true,false,false
esa-tanh-rho5_lag3-d304-m3016,tanh,rho5_lag3,304,3016,2,,right_censored,false,,right_censored,starvation,true,false,23.741371056064963,4.0447767966597263,finite,true,false,false
esa-tanh-rho5_lag3-d304-m3017,tanh,rho5_lag3,304,3017,0.25,,right_censored,false,,right_censored,starvation,true,false,23.165928367967716,2.6649698506303063,finite,true,false,false
esa-tanh-rho5_lag3-d304-m3017,tanh,rho5_lag3,304,3017,0.5,,right_censored,false,,right_censored,starvation,true,false,23.165928367967716,3.1602605727146496,finite,true,false,false
esa-tanh-rho5_lag3-d304-m3017,tanh,rho5_lag3,304,3017,1,,right_censored,false,,right_censored,starvation,true,false,23.165928367967716,3.6349934395236954,finite,true,false,false
esa-tanh-rho5_lag3-d304-m3017,tanh,rho5_lag3,304,3017,2,,right_censored,false,,right_censored,starvation,true,false,23.165928367967716,4.3136094508121792,finite,true,false,false
esa-gru-rho3_lag1-d301-m3010,gru,rho3_lag1,301,3010,0.25,,right_censored,true,,right_censored,starvation,true,false,0.48242962798103683,7.0618678097626271,finite,true,true,false
esa-gru-rho3_lag1-d301-m3010,gru,rho3_lag1,301,3010,0.5,,right_censored,true,,right_censored,starvation,true,false,0.48242962798103683,9.6481725197977024,finite,true,true,false
esa-gru-rho3_lag1-d301-m3010,gru,rho3_lag1,301,3010,1,,right_censored,false,,undefined,unlearnable,true,false,0.48242962798103683,,right_censored,false,true,false
esa-gru-rho3_lag1-d301-m3010,gru,rho3_lag1,301,3010,2,,right_censored,false,,undefined,unlearnable,true,false,0.48242962798103683,,right_censored,false,true,false
esa-gru-rho3_lag1-d301-m3011,gru,rho3_lag1,301,3011,0.25,,right_censored,true,,right_censored,starvation,true,false,0.23623887868598098,7.840197739634343,finite,true,true,false
esa-gru-rho3_lag1-d301-m3011,gru,rho3_lag1,301,3011,0.5,,right_censored,false,,undefined,unlearnable,true,false,0.23623887868598098,,right_censored,false,true,false
esa-gru-rho3_lag1-d301-m3011,gru,rho3_lag1,301,3011,1,,right_censored,false,,undefined,unlearnable,true,false,0.23623887868598098,,right_censored,false,true,false
esa-gru-rho3_lag1-d301-m3011,gru,rho3_lag1,301,3011,2,,right_censored,false,,undefined,unlearnable,true,false,0.23623887868598098,,right_censored,false,true,false
esa-gru-rho3_lag1-d301-m3012,gru,rho3_lag1,301,3012,0.25,,right_censored,false,,right_censored,starvation,true,false,0.19390821633860467,9.209684998182512,finite,true,false,false
esa-gru-rho3_lag1-d301-m3012,gru,rho3_lag1,301,3012,0.5,,right_censored,false,,undefined,unlearnable,true,false,0.19390821633860467,,right_censored,false,false,false
esa-gru-rho3_lag1-d301-m3012,gru,rho3_lag1,301,3012,1,,right_censored,false,,undefined,unlearnable,true,false,0.19390821633860467,,right_censored,false,false,false
esa-gru-rho3_lag1-d301-m3012,gru,rho3_lag1,301,3012,2,,right_censored,false,,undefined,unlearnable,true,false,0.19390821633860467,,right_censored,false,false,false
esa-gru-rho3_lag1-d301-m3013,gru,rho3_lag1,301,3013,0.25,,right_censored,false,,right_censored,starvation,true,false,1.5210831341333688,6.3114553377959286,finite,true,false,false
esa-gru-rho3_lag1-d301-m3013,gru,rho3_lag1,301,3013,0.5,,right_censored,false,,right_censored,starvation,true,false,1.5210831341333688,8.8353726696425223,finite,true,false,false
esa-gru-rho3_lag1-d301-m3013,gru,rho3_lag1,301,3013,1,,right_censored,false,,undefined,unlearnable,true,false,1.5210831341333688,,right_censored,false,false,false
esa-gru-rho3_lag1-d301-m3013,gru,rho3_lag1,301,3013,2,,right_censored,false,,undefined,unlearnable,true,false,1.5210831341333688,,right_censored,false,false,false
esa-gru-rho3_lag1-d301-m3014,gru,rho3_lag1,301,3014,0.25,,right_censored,true,,right_censored,starvation,true,false,0.72373591144569216,7.4701364348772428,finite,true,true,false
esa-gru-rho3_lag1-d301-m3014,gru,rho3_lag1,301,3014,0.5,,right_censored,false,,undefined,unlearnable,true,false,0.72373591144569216,,right_censored,false,true,false
esa-gru-rho3_lag1-d301-m3014,gru,rho3_lag1,301,3014,1,,right_censored,false,,undefined,unlearnable,true,false,0.72373591144569216,,right_censored,false,true,false
esa-gru-rho3_lag1-d301-m3014,gru,rho3_lag1,301,3014,2,,right_censored,false,,undefined,unlearnable,true,false,0.72373591144569216,,right_censored,false,true,false
esa-gru-rho3_lag1-d301-m3015,gru,rho3_lag1,301,3015,0.25,,right_censored,false,,right_censored,starvation,true,false,1.0731834520120174,7.4145330139693817,finite,true,false,false
esa-gru-rho3_lag1-d301-m3015,gru,rho3_lag1,301,3015,0.5,,right_censored,false,,undefined,unlearnable,true,false,1.0731834520120174,,right_censored,false,false,false
esa-gru-rho3_lag1-d301-m3015,gru,rho3_lag1,301,3015,1,,right_censored,false,,undefined,unlearnable,true,false,1.0731834520120174,,right_censored,false,false,false
esa-gru-rho3_lag1-d301-m3015,gru,rho3_lag1,301,3015,2,,right_censored,false,,undefined,unlearnable,true,false,1.0731834520120174,,right_censored,false,false,false
esa-gru-rho3_lag1-d301-m3016,gru,rho3_lag1,301,3016,0.25,,right_censored,false,,right_censored,starvation,true,false,0.27825140348286365,8.4404619550364313,finite,true,false,false
esa-gru-rho3_lag1-d301-m3016,gru,rho3_lag1,301,3016,0.5,,right_censored,false,,undefined,unlearnable,true,false,0.27825140348286365,,right_censored,false,false,false
esa-gru-rho3_lag1-d301-m3016,gru,rho3_lag1,301,3016,1,,right_censored,false,,undefined,unlearnable,true,false,0.27825140348286365,,right_censored,false,false,false
esa-gru-rho3_lag1-d301-m3016,gru,rho3_lag1,301,3016,2,,right_censored,false,,undefined,unlearnable,true,false,0.27825140348286365,,right_censored,false,false,false
esa-gru-rho3_lag1-d301-m3017,gru,rho3_lag1,301,3017,0.25,,right_censored,false,,right_censored,starvation,true,false,0.65810642207507031,7.2410443384921344,finite,true,false,false
esa-gru-rho3_lag1-d301-m3017,gru,rho3_lag1,301,3017,0.5,,right_censored,false,,right_censored,starvation,true,false,0.65810642207507031,9.8355498077927006,finite,true,false,false
esa-gru-rho3_lag1-d301-m3017,gru,rho3_lag1,301,3017,1,,right_censored,false,,undefined,unlearnable,true,false,0.65810642207507031,,right_censored,false,false,false
esa-gru-rho3_lag1-d301-m3017,gru,rho3_lag1,301,3017,2,,right_censored,false,,undefined,unlearnable,true,false,0.65810642207507031,,right_censored,false,false,false
esa-gru-rho3_lag1-d302-m3010,gru,rho3_lag1,302,3010,0.25,,right_censored,true,,right_censored,starvation,true,false,0.46939810272306198,7.0825801245100299,finite,true,true,false
esa-gru-rho3_lag1-d302-m3010,gru,rho3_lag1,302,3010,0.5,,right_censored,true,,right_censored,starvation,true,false,0.46939810272306198,9.6757890619846005,finite,true,true,false
esa-gru-rho3_lag1-d302-m3010,gru,rho3_lag1,302,3010,1,,right_censored,false,,undefined,unlearnable,true,false,0.46939810272306198,,right_censored,false,true,false
esa-gru-rho3_lag1-d302-m3010,gru,rho3_lag1,302,3010,2,,right_censored,false,,undefined,unlearnable,true,false,0.46939810272306198,,right_censored,false,true,false
esa-gru-rho3_lag1-d302-m3011,gru,rho3_lag1,302,3011,0.25,,right_censored,true,,right_censored,starvation,true,false,0.18189982657786455,7.9137385667498181,finite,true,true,false
esa-gru-rho3_lag1-d302-m3011,gru,rho3_lag1,302,3011,0.5,,right_censored,false,,undefined,unlearnable,true,false,0.18189982657786455,,right_censored,false,true,false
esa-gru-rho3_lag1-d302-m3011,gru,rho3_lag1,302,3011,1,,right_censored,false,,undefined,unlearnable,true,false,0.18189982657786455,,right_censored,false,true,false
esa-gru-rho3_lag1-d302-m3011,gru,rho3_lag1,302,3011,2,,right_censored,false,,undefined,unlearnable,true,false,0.18189982657786455,,right_censored,false,true,false
esa-gru-rho3_lag1-d302-m3012,gru,rho3_lag1,302,3012,0.25,,right_censored,false,,right_censored,starvation,true,false,0.18601217678515236,9.2238785467714468,finite,true,false,false
esa-gru-rho3_lag1-d302-m3012,gru,rho3_lag1,302,3012,0.5,,right_censored,false,,undefined,unlearnable,true,false,0.18601217678515236,,right_censored,false,false,false
esa-gru-rho3_lag1-d302-m3012,gru,rho3_lag1,302,3012,1,,right_censored,false,,undefined,unlearnable,true,false,0.18601217678515236,,right_censored,false,false,false
esa-gru-rho3_lag1-d302-m3012,gru,rho3_lag1,302,3012,2,,right_censored,false,,undefined,unlearnable,true,false,0.18601217678515236,,right_censored,false,false,false
esa-gru-rho3_lag1-d302-m3013,gru,rho3_lag1,302,3013,0.25,,right_censored,false,,right_censored,starvation,true,false,1.4741550448350607,6.3403439067283269,finite,true,false,false
esa-gru-rho3_lag1-d302-m3013,gru,rho3_lag1,302,3013,0.5,,right_censored,false,,right_censored,starvation,true,false,1.4741550448350607,8.8728779293393618,finite,true,false,false
esa-gru-rho3_lag1-d302-m3013,gru,rho3_lag1,302,3013,1,,right_censored,false,,undefined,unlearnable,true,false,1.4741550448350607,,right_censored,false,false,false
esa-gru-rho3_lag1-d302-m3013,gru,rho3_lag1,302,3013,2,,right_censored,false,,undefined,unlearnable,true,false,1.4741550448350607,,right_censored,false,false,false
esa-gru-rho3_lag1-d302-m3014,gru,rho3_lag1,302,3014,0.25,,right_censored,true,,right_censored,starvation,true,false,0.69361894991598094,7.5155323639279912,finite,true,true,false
esa-gru-rho3_lag1-d302-m3014,gru,rho3_lag1,302,3014,0.5,,right_censored,false,,undefined,unlearnable,true,false,0.69361894991598094,,right_censored,false,true,false
esa-gru-rho3_lag1-d302-m3014,gru,rho3_lag1,302,3014,1,,right_censored,false,,undefined,unlearnable,true,false,0.69361894991598094,,right_censored,false,true,false
esa-gru-rho3_lag1-d302-m3014,gru,rho3_lag1,302,3014,2,,right_censored,false,,undefined,unlearnable,true,false,0.69361894991598094,,right_censored,false,true,false
esa-gru-rho3_lag1-d302-m3015,gru,rho3_lag1,302,3015,0.25,,right_censored,false,,right_censored,starvation,true,false,1.0406354593229481,7.4541532701493418,finite,true,false,false
esa-gru-rho3_lag1-d302-m3015,gru,rho3_lag1,302,3015,0.5,,right_censored,false,,undefined,unlearnable,true,false,1.0406354593229481,,right_censored,false,false,false
esa-gru-rho3_lag1-d302-m3015,gru,rho3_lag1,302,3015,1,,right_censored,false,,undefined,unlearnable,true,false,1.0406354593229481,,right_censored,false,false,false
esa-gru-rho3_lag1-d302-m3015,gru,rho3_lag1,302,3015,2,,right_censored,false,,undefined,unlearnable,true,false,1.0406354593229481,,right_censored,false,false,false
esa-gru-rho3_lag1-d302-m3016,gru,rho3_lag1,302,3016,0.25,,right_censored,false,,right_censored,starvation,true,false,0.25587584593740753,8.4772457684153846,finite,true,false,false
esa-gru-rho3_lag1-d302-m3016,gru,rho3_lag1,302,3016,0.5,,right_censored,false,,undefined,unlearnable,true,false,0.25587584593740753,,right_censored,false,false,false
esa-gru-rho3_lag1-d302-m3016,gru,rho3_lag1,302,3016,1,,right_censored,false,,undefined,unlearnable,true,false,0.25587584593740753,,right_censored,false,false,false
esa-gru-rho3_lag1-d302-m3016,gru,rho3_lag1,302,3016,2,,right_censored,false,,undefined,unlearnable,true,false,0.25587584593740753,,right_censored,false,false,false
esa-gru-rho3_lag1-d302-m3017,gru,rho3_lag1,302,3017,0.25,,right_censored,false,,right_censored,starvation,true,false,0.61568776099011302,7.2612764319463299,finite,true,false,false
esa-gru-rho3_lag1-d302-m3017,gru,rho3_lag1,302,3017,0.5,,right_censored,false,,right_censored,starvation,true,false,0.61568776099011302,9.8611722859197037,finite,true,false,false
esa-gru-rho3_lag1-d302-m3017,gru,rho3_lag1,302,3017,1,,right_censored,false,,undefined,unlearnable,true,false,0.61568776099011302,,right_censored,false,false,false
esa-gru-rho3_lag1-d302-m3017,gru,rho3_lag1,302,3017,2,,right_censored,false,,undefined,unlearnable,true,false,0.61568776099011302,,right_censored,false,false,false
esa-gru-rho3_lag1-d303-m3010,gru,rho3_lag1,303,3010,0.25,,right_censored,true,,right_censored,starvation,true,false,0.51025835357140747,6.9920876311568039,finite,true,true,false
esa-gru-rho3_lag1-d303-m3010,gru,rho3_lag1,303,3010,0.5,,right_censored,true,,right_censored,starvation,true,false,0.51025835357140747,9.5597241629869778,finite,true,true,false
esa-gru-rho3_lag1-d303-m3010,gru,rho3_lag1,303,3010,1,,right_censored,false,,undefined,unlearnable,true,false,0.51025835357140747,,right_censored,false,true,false
esa-gru-rho3_lag1-d303-m3010,gru,rho3_lag1,303,3010,2,,right_censored,false,,undefined,unlearnable,true,false,0.51025835357140747,,right_censored,false,true,false
esa-gru-rho3_lag1-d303-m3011,gru,rho3_lag1,303,3011,0.25,,right_censored,true,,right_censored,starvation,true,false,0.19895510720089071,7.8350929471735435,finite,true,true,false
esa-gru-rho3_lag1-d303-m3011,gru,rho3_lag1,303,3011,0.5,,right_censored,false,,undefined,unlearnable,true,false,0.19895510720089071,,right_censored,false,true,false
esa-gru-rho3_lag1-d303-m3011,gru,rho3_lag1,303,3011,1,,right_censored,false,,undefined,unlearnable,true,false,0.19895510720089071,,right_censored,false,true,false
esa-gru-rho3_lag1-d303-m3011,gru,rho3_lag1,303,3011,2,,right_censored,false,,undefined,unlearnable,true,false,0.19895510720089071,,right_censored,false,true,false
esa-gru-rho3_lag1-d303-m3012,gru,rho3_lag1,303,3012,0.25,,right_censored,false,,right_censored,starvation,true,false,0.20710607651853929,9.0992487342081088,finite,true,false,false
esa-gru-rho3_lag1-d303-m3012,gru,rho3_lag1,303,3012,0.5,,right_censored,false,,undefined,unlearnable,true,false,0.20710607651853929,,right_censored,false,false,false
esa-gru-rho3_lag1-d303-m3012,gru,rho3_lag1,303,3012,1,,right_censored,false,,undefined,unlearnable,true,false,0.20710607651853929,,right_censored,false,false,false
esa-gru-rho3_lag1-d303-m3012,gru,rho3_lag1,303,3012,2,,right_censored,false,,undefined,unlearnable,true,false,0.20710607651853929,,right_censored,false,false,false
esa-gru-rho3_lag1-d303-m3013,gru,rho3_lag1,303,3013,0.25,,right_censored,false,,right_censored,starvation,true,false,1.5140413817949592,6.2642744466865254,finite,true,false,false
esa-gru-rho3_lag1-d303-m3013,gru,rho3_lag1,303,3013,0.5,,right_censored,false,,right_censored,starvation,true,false,1.5140413817949592,8.7729846176752506,finite,true,false,false
esa-gru-rho3_lag1-d303-m3013,gru,rho3_lag1,303,3013,1,,right_censored,false,,undefined,unlearnable,true,false,1.5140413817949592,,right_censored,false,false,false
esa-gru-rho3_lag1-d303-m3013,gru,rho3_lag1,303,3013,2,,right_censored,false,,undefined,unlearnable,true,false,1.5140413817949592,,right_censored,false,false,false
esa-gru-rho3_lag1-d303-m3014,gru,rho3_lag1,303,3014,0.25,,right_censored,true,,right_censored,starvation,true,false,0.72184753011097191,7.430153171214549,finite,true,true,false
esa-gru-rho3_lag1-d303-m3014,gru,rho3_lag1,303,3014,0.5,,right_censored,false,,undefined,unlearnable,true,false,0.72184753011097191,,right_censored,false,true,false
esa-gru-rho3_lag1-d303-m3014,gru,rho3_lag1,303,3014,1,,right_censored,false,,undefined,unlearnable,true,false,0.72184753011097191,,right_censored,false,true,false
esa-gru-rho3_lag1-d303-m3014,gru,rho3_lag1,303,3014,2,,right_censored,false,,undefined,unlearnable,true,false,0.72184753011097191,,right_censored,false,true,false
esa-gru-rho3_lag1-d303-m3015,gru,rho3_lag1,303,3015,0.25,,right_censored,false,,right_censored,starvation,true,false,1.0691342406906186,7.3668183636727349,finite,true,false,false
esa-gru-rho3_lag1-d303-m3015,gru,rho3_lag1,303,3015,0.5,,right_censored,false,,right_censored,starvation,true,false,1.0691342406906186,9.9561188677805763,finite,true,false,false
esa-gru-rho3_lag1-d303-m3015,gru,rho3_lag1,303,3015,1,,right_censored,false,,undefined,unlearnable,true,false,1.0691342406906186,,right_censored,false,false,false
esa-gru-rho3_lag1-d303-m3015,gru,rho3_lag1,303,3015,2,,right_censored,false,,undefined,unlearnable,true,false,1.0691342406906186,,right_censored,false,false,false
esa-gru-rho3_lag1-d303-m3016,gru,rho3_lag1,303,3016,0.25,,right_censored,false,,right_censored,starvation,true,false,0.27852089068619529,8.3733626560018628,finite,true,false,false
esa-gru-rho3_lag1-d303-m3016,gru,rho3_lag1,303,3016,0.5,,right_censored,false,,undefined,unlearnable,true,false,0.27852089068619529,,right_censored,false,false,false
esa-gru-rho3_lag1-d303-m3016,gru,rho3_lag1,303,3016,1,,right_censored,false,,undefined,unlearnable,true,false,0.27852089068619529,,right_censored,false,false,false
esa-gru-rho3_lag1-d303-m3016,gru,rho3_lag1,303,3016,2,,right_censored,false,,undefined,unlearnable,true,false,0.27852089068619529,,right_censored,false,false,false
esa-gru-rho3_lag1-d303-m3017,gru,rho3_lag1,303,3017,0.25,,right_censored,false,,right_censored,starvation,true,false,0.64440741657745082,7.167803852244071,finite,true,false,false
esa-gru-rho3_lag1-d303-m3017,gru,rho3_lag1,303,3017,0.5,,right_censored,false,,right_censored,starvation,true,false,0.64440741657745082,9.7413354557245615,finite,true,false,false
esa-gru-rho3_lag1-d303-m3017,gru,rho3_lag1,303,3017,1,,right_censored,false,,undefined,unlearnable,true,false,0.64440741657745082,,right_censored,false,false,false
esa-gru-rho3_lag1-d303-m3017,gru,rho3_lag1,303,3017,2,,right_censored,false,,undefined,unlearnable,true,false,0.64440741657745082,,right_censored,false,false,false
esa-gru-rho3_lag1-d304-m3010,gru,rho3_lag1,304,3010,0.25,,right_censored,true,,right_censored,starvation,true,false,0.47207195735536506,7.0620003559050577,finite,true,true,false
esa-gru-rho3_lag1-d304-m3010,gru,rho3_lag1,304,3010,0.5,,right_censored,true,,right_censored,starvation,true,false,0.47207195735536506,9.6490418912726117,finite,true,true,false
esa-gru-rho3_lag1-d304-m3010,gru,rho3_lag1,304,3010,1,,right_censored,false,,undefined,unlearnable,true,false,0.47207195735536506,,right_censored,false,true,false
esa-gru-rho3_lag1-d304-m3010,gru,rho3_lag1,304,3010,2,,right_censored,false,,undefined,unlearnable,true,false,0.47207195735536506,,right_censored,false,true,false
esa-gru-rho3_lag1-d304-m3011,gru,rho3_lag1,304,3011,0.25,,right_censored,true,,right_censored,starvation,true,false,0.19816494162660087,7.8725065811191719,finite,true,true,false
esa-gru-rho3_lag1-d304-m3011,gru,rho3_lag1,304,3011,0.5,,right_censored,false,,undefined,unlearnable,true,false,0.19816494162660087,,right_censored,false,true,false
esa-gru-rho3_lag1-d304-m3011,gru,rho3_lag1,304,3011,1,,right_censored,false,,undefined,unlearnable,true,false,0.19816494162660087,,right_censored,false,true,false
esa-gru-rho3_lag1-d304-m3011,gru,rho3_lag1,304,3011,2,,right_censored,false,,undefined,unlearnable,true,false,0.19816494162660087,,right_censored,false,true,false
esa-gru-rho3_lag1-d304-m3012,gru,rho3_lag1,304,3012,0.25,,right_censored,false,,right_censored,starvation,true,false,0.185178483009804,9.2016337873598317,finite,true,false,false
esa-gru-rho3_lag1-d304-m3012,gru,rho3_lag1,304,3012,0.5,,right_censored,false,,undefined,unlearnable,true,false,0.185178483009804,,right_censored,false,false,false
esa-gru-rho3_lag1-d304-m3012,gru,rho3_lag1,304,3012,1,,right_censored,false,,undefined,unlearnable,true,false,0.185178483009804,,right_censored,false,false,false
esa-gru-rho3_lag1-d304-m3012,gru,rho3_lag1,304,3012,2,,right_censored,false,,undefined,unlearnable,true,false,0.185178483009804,,right_censored,false,false,false
esa-gru-rho3_lag1-d304-m3013,gru,rho3_lag1,304,3013,0.25,,right_censored,false,,right_censored,starvation,true,false,1.4902510058600453,6.3181668974817606,finite,true,false,false
esa-gru-rho3_lag1-d304-m3013,gru,rho3_lag1,304,3013,0.5,,right_censored,false,,right_censored,starvation,true,false,1.4902510058600453,8.8439553701067108,finite,true,false,false
esa-gru-rho3_lag1-d304-m3013,gru,rho3_lag1,304,3013,1,,right_censored,false,,undefined,unlearnable,true,false,1.4902510058600453,,right_censored,false,false,false
esa-gru-rho3_lag1-d304-m3013,gru,rho3_lag1,304,3013,2,,right_censored,false,,undefined,unlearnable,true,false,1.4902510058600453,,right_censored,false,false,false
esa-gru-rho3_lag1-d304-m3014,gru,rho3_lag1,304,3014,0.25,,right_censored,true,,right_censored,starvation,true,false,0.70254373321658914,7.4852963047464529,finite,true,true,false
esa-gru-rho3_lag1-d304-m3014,gru,rho3_lag1,304,3014,0.5,,right_censored,false,,undefined,unlearnable,true,false,0.70254373321658914,,right_censored,false,true,false
esa-gru-rho3_lag1-d304-m3014,gru,rho3_lag1,304,3014,1,,right_censored,false,,undefined,unlearnable,true,false,0.70254373321658914,,right_censored,false,true,false
esa-gru-rho3_lag1-d304-m3014,gru,rho3_lag1,304,3014,2,,right_censored,false,,undefined,unlearnable,true,false,0.70254373321658914,,right_censored,false,true,false
esa-gru-rho3_lag1-d304-m3015,gru,rho3_lag1,304,3015,0.25,,right_censored,false,,right_censored,starvation,true,false,1.0493681743741035,7.4261353697100185,finite,true,false,false
esa-gru-rho3_lag1-d304-m3015,gru,rho3_lag1,304,3015,0.5,,right_censored,false,,undefined,unlearnable,true,false,1.0493681743741035,,right_censored,false,false,false
esa-gru-rho3_lag1-d304-m3015,gru,rho3_lag1,304,3015,1,,right_censored,false,,undefined,unlearnable,true,false,1.0493681743741035,,right_censored,false,false,false
esa-gru-rho3_lag1-d304-m3015,gru,rho3_lag1,304,3015,2,,right_censored,false,,undefined,unlearnable,true,false,1.0493681743741035,,right_censored,false,false,false
esa-gru-rho3_lag1-d304-m3016,gru,rho3_lag1,304,3016,0.25,,right_censored,false,,right_censored,starvation,true,false,0.26123711770924274,8.4482588092447521,finite,true,false,false
esa-gru-rho3_lag1-d304-m3016,gru,rho3_lag1,304,3016,0.5,,right_censored,false,,undefined,unlearnable,true,false,0.26123711770924274,,right_censored,false,false,false
esa-gru-rho3_lag1-d304-m3016,gru,rho3_lag1,304,3016,1,,right_censored,false,,undefined,unlearnable,true,false,0.26123711770924274,,right_censored,false,false,false
esa-gru-rho3_lag1-d304-m3016,gru,rho3_lag1,304,3016,2,,right_censored,false,,undefined,unlearnable,true,false,0.26123711770924274,,right_censored,false,false,false
esa-gru-rho3_lag1-d304-m3017,gru,rho3_lag1,304,3017,0.25,,right_censored,false,,right_censored,starvation,true,false,0.62825901056639843,7.2404860845549184,finite,true,false,false
esa-gru-rho3_lag1-d304-m3017,gru,rho3_lag1,304,3017,0.5,,right_censored,false,,right_censored,starvation,true,false,0.62825901056639843,9.834679825622489,finite,true,false,false
esa-gru-rho3_lag1-d304-m3017,gru,rho3_lag1,304,3017,1,,right_censored,false,,undefined,unlearnable,true,false,0.62825901056639843,,right_censored,false,false,false
esa-gru-rho3_lag1-d304-m3017,gru,rho3_lag1,304,3017,2,,right_censored,false,,undefined,unlearnable,true,false,0.62825901056639843,,right_censored,false,false,false
esa-gru-rho4_lag2-d301-m3010,gru,rho4_lag2,301,3010,0.25,,right_censored,false,,undefined,unlearnable,true,false,0.10013702838914468,,right_censored,false,true,false
esa-gru-rho4_lag2-d301-m3010,gru,rho4_lag2,301,3010,0.5,,right_censored,false,,undefined,unlearnable,true,false,0.10013702838914468,,right_censored,false,true,false
esa-gru-rho4_lag2-d301-m3010,gru,rho4_lag2,301,3010,1,,right_censored,false,,undefined,unlearnable,true,false,0.10013702838914468,,right_censored,false,true,false
esa-gru-rho4_lag2-d301-m3010,gru,rho4_lag2,301,3010,2,,right_censored,false,,undefined,unlearnable,true,false,0.10013702838914468,,right_censored,false,true,false
esa-gru-rho4_lag2-d301-m3011,gru,rho4_lag2,301,3011,0.25,,right_censored,false,,undefined,unlearnable,true,false,-0.0063287616707384739,,right_censored,false,true,false
esa-gru-rho4_lag2-d301-m3011,gru,rho4_lag2,301,3011,0.5,,right_censored,false,,undefined,unlearnable,true,false,-0.0063287616707384739,,right_censored,false,true,false
esa-gru-rho4_lag2-d301-m3011,gru,rho4_lag2,301,3011,1,,right_censored,false,,undefined,unlearnable,true,false,-0.0063287616707384739,,right_censored,false,true,false
esa-gru-rho4_lag2-d301-m3011,gru,rho4_lag2,301,3011,2,,right_censored,false,,undefined,unlearnable,true,false,-0.0063287616707384739,,right_censored,false,true,false
esa-gru-rho4_lag2-d301-m3012,gru,rho4_lag2,301,3012,0.25,,right_censored,false,,undefined,unlearnable,true,false,0.027479512523859731,,right_censored,false,false,false
esa-gru-rho4_lag2-d301-m3012,gru,rho4_lag2,301,3012,0.5,,right_censored,false,,undefined,unlearnable,true,false,0.027479512523859731,,right_censored,false,false,false
esa-gru-rho4_lag2-d301-m3012,gru,rho4_lag2,301,3012,1,,right_censored,false,,undefined,unlearnable,true,false,0.027479512523859731,,right_censored,false,false,false
esa-gru-rho4_lag2-d301-m3012,gru,rho4_lag2,301,3012,2,,right_censored,false,,undefined,unlearnable,true,false,0.027479512523859731,,right_censored,false,false,false
esa-gru-rho4_lag2-d301-m3013,gru,rho4_lag2,301,3013,0.25,,right_censored,false,,undefined,unlearnable,true,false,0.59426208992954332,,right_censored,false,false,false
esa-gru-rho4_lag2-d301-m3013,gru,rho4_lag2,301,3013,0.5,,right_censored,false,,undefined,unlearnable,true,false,0.59426208992954332,,right_censored,false,false,false
esa-gru-rho4_lag2-d301-m3013,gru,rho4_lag2,301,3013,1,,right_censored,false,,undefined,unlearnable,true,false,0.59426208992954332,,right_censored,false,false,false
esa-gru-rho4_lag2-d301-m3013,gru,rho4_lag2,301,3013,2,,right_censored,false,,undefined,unlearnable,true,false,0.59426208992954332,,right_censored,false,false,false
esa-gru-rho4_lag2-d301-m3014,gru,rho4_lag2,301,3014,0.25,,right_censored,false,,undefined,unlearnable,true,false,0.30814934817317402,,right_censored,false,true,false
esa-gru-rho4_lag2-d301-m3014,gru,rho4_lag2,301,3014,0.5,,right_censored,false,,undefined,unlearnable,true,false,0.30814934817317402,,right_censored,false,true,false
esa-gru-rho4_lag2-d301-m3014,gru,rho4_lag2,301,3014,1,,right_censored,false,,undefined,unlearnable,true,false,0.30814934817317402,,right_censored,false,true,false
esa-gru-rho4_lag2-d301-m3014,gru,rho4_lag2,301,3014,2,,right_censored,false,,undefined,unlearnable,true,false,0.30814934817317402,,right_censored,false,true,false
esa-gru-rho4_lag2-d301-m3015,gru,rho4_lag2,301,3015,0.25,,right_censored,false,,undefined,unlearnable,true,false,0.43040349157527091,,right_censored,false,false,false
esa-gru-rho4_lag2-d301-m3015,gru,rho4_lag2,301,3015,0.5,,right_censored,false,,undefined,unlearnable,true,false,0.43040349157527091,,right_censored,false,false,false
esa-gru-rho4_lag2-d301-m3015,gru,rho4_lag2,301,3015,1,,right_censored,false,,undefined,unlearnable,true,false,0.43040349157527091,,right_censored,false,false,false
esa-gru-rho4_lag2-d301-m3015,gru,rho4_lag2,301,3015,2,,right_censored,false,,undefined,unlearnable,true,false,0.43040349157527091,,right_censored,false,false,false
esa-gru-rho4_lag2-d301-m3016,gru,rho4_lag2,301,3016,0.25,,right_censored,false,,undefined,unlearnable,true,false,0.10944077779568033,,right_censored,false,false,false
esa-gru-rho4_lag2-d301-m3016,gru,rho4_lag2,301,3016,0.5,,right_censored,false,,undefined,unlearnable,true,false,0.10944077779568033,,right_censored,false,false,false
esa-gru-rho4_lag2-d301-m3016,gru,rho4_lag2,301,3016,1,,right_censored,false,,undefined,unlearnable,true,false,0.10944077779568033,,right_censored,false,false,false
esa-gru-rho4_lag2-d301-m3016,gru,rho4_lag2,301,3016,2,,right_censored,false,,undefined,unlearnable,true,false,0.10944077779568033,,right_censored,false,false,false
esa-gru-rho4_lag2-d301-m3017,gru,rho4_lag2,301,3017,0.25,,right_censored,false,,undefined,unlearnable,true,false,0.21778071629232726,,right_censored,false,true,false
esa-gru-rho4_lag2-d301-m3017,gru,rho4_lag2,301,3017,0.5,,right_censored,false,,undefined,unlearnable,true,false,0.21778071629232726,,right_censored,false,true,false
esa-gru-rho4_lag2-d301-m3017,gru,rho4_lag2,301,3017,1,,right_censored,false,,undefined,unlearnable,true,false,0.21778071629232726,,right_censored,false,true,false
esa-gru-rho4_lag2-d301-m3017,gru,rho4_lag2,301,3017,2,,right_censored,false,,undefined,unlearnable,true,false,0.21778071629232726,,right_censored,false,true,false
esa-gru-rho4_lag2-d302-m3010,gru,rho4_lag2,302,3010,0.25,,right_censored,false,,undefined,unlearnable,true,false,0.1013246888760477,,right_censored,false,true,false
esa-gru-rho4_lag2-d302-m3010,gru,rho4_lag2,302,3010,0.5,,right_censored,false,,undefined,unlearnable,true,false,0.1013246888760477,,right_censored,false,true,false
esa-gru-rho4_lag2-d302-m3010,gru,rho4_lag2,302,3010,1,,right_censored,false,,undefined,unlearnable,true,false,0.1013246888760477,,right_censored,false,true,false
esa-gru-rho4_lag2-d302-m3010,gru,rho4_lag2,302,3010,2,,right_censored,false,,undefined,unlearnable,true,false,0.1013246888760477,,right_censored,false,true,false
esa-gru-rho4_lag2-d302-m3011,gru,rho4_lag2,302,3011,0.25,,right_censored,false,,undefined,unlearnable,true,false,-0.02337516397237779,,right_censored,false,true,false
esa-gru-rho4_lag2-d302-m3011,gru,rho4_lag2,302,3011,0.5,,right_censored,false,,undefined,unlearnable,true,false,-0.02337516397237779,,right_censored,false,true,false
esa-gru-rho4_lag2-d302-m3011,gru,rho4_lag2,302,3011,1,,right_censored,false,,undefined,unlearnable,true,false,-0.02337516397237779,,right_censored,false,true,false
esa-gru-rho4_lag2-d302-m3011,gru,rho4_lag2,302,3011,2,,right_censored,false,,undefined,unlearnable,true,false,-0.02337516397237779,,right_censored,false,true,false
esa-gru-rho4_lag2-d302-m3012,gru,rho4_lag2,302,3012,0.25,,right_censored,false,,undefined,unlearnable,true,false,0.026145481836283575,,right_censored,false,false,false
esa-gru-rho4_lag2-d302-m3012,gru,rho4_lag2,302,3012,0.5,,right_censored,false,,undefined,unlearnable,true,false,0.026145481836283575,,right_censored,false,false,false
esa-gru-rho4_lag2-d302-m3012,gru,rho4_lag2,302,3012,1,,right_censored,false,,undefined,unlearnable,true,false,0.026145481836283575,,right_censored,false,false,false
esa-gru-rho4_lag2-d302-m3012,gru,rho4_lag2,302,3012,2,,right_censored,false,,undefined,unlearnable,true,false,0.026145481836283575,,right_censored,false,false,false
esa-gru-rho4_lag2-d302-m3013,gru,rho4_lag2,302,3013,0.25,,right_censored,false,,undefined,unlearnable,true,false,0.57498705158941443,,right_censored,false,false,false
esa-gru-rho4_lag2-d302-m3013,gru,rho4_lag2,302,3013,0.5,,right_censored,false,,undefined,unlearnable,true,false,0.57498705158941443,,right_censored,false,false,false
esa-gru-rho4_lag2-d302-m3013,gru,rho4_lag2,302,3013,1,,right_censored,false,,undefined,unlearnable,true,false,0.57498705158941443,,right_censored,false,false,false
esa-gru-rho4_lag2-d302-m3013,gru,rho4_lag2,302,3013,2,,right_censored,false,,undefined,unlearnable,true,false,0.57498705158941443,,right_censored,false,false,false
esa-gru-rho4_lag2-d302-m3014,gru,rho4_lag2,302,3014,0.25,,right_censored,false,,undefined,unlearnable,true,false,0.3048445017600897,,right_censored,false,true,false
esa-gru-rho4_lag2-d302-m3014,gru,rho4_lag2,302,3014,0.5,,right_censored,false,,undefined,unlearnable,true,false,0.3048445017600897,,right_censored,false,true,false
esa-gru-rho4_lag2-d302-m3014,gru,rho4_lag2,302,3014,1,,right_censored,false,,undefined,unlearnable,true,false,0.3048445017600897,,right_censored,false,true,false
esa-gru-rho4_lag2-d302-m3014,gru,rho4_lag2,302,3014,2,,right_censored,false,,undefined,unlearnable,true,false,0.3048445017600897,,right_censored,false,true,false
esa-gru-rho4_lag2-d302-m3015,gru,rho4_lag2,302,3015,0.25,,right_censored,false,,undefined,unlearnable,true,false,0.42068041996099048,,right_censored,false,false,false
esa-gru-rho4_lag2-d302-m3015,gru,rho4_lag2,302,3015,0.5,,right_censored,false,,undefined,unlearnable,true,false,0.42068041996099048,,right_censored,false,false,false
esa-gru-rho4_lag2-d302-m3015,gru,rho4_lag2,302,3015,1,,right_censored,false,,undefined,unlearnable,true,false,0.42068041996099048,,right_censored,false,false,false
esa-gru-rho4_lag2-d302-m3015,gru,rho4_lag2,302,3015,2,,right_censored,false,,undefined,unlearnable,true,false,0.42068041996099048,,right_censored,false,false,false
esa-gru-rho4_lag2-d302-m3016,gru,rho4_lag2,302,3016,0.25,,right_censored,false,,undefined,unlearnable,true,false,0.10582379590341587,,right_censored,false,false,false
esa-gru-rho4_lag2-d302-m3016,gru,rho4_lag2,302,3016,0.5,,right_censored,false,,undefined,unlearnable,true,false,0.10582379590341587,,right_censored,false,false,false
esa-gru-rho4_lag2-d302-m3016,gru,rho4_lag2,302,3016,1,,right_censored,false,,undefined,unlearnable,true,false,0.10582379590341587,,right_censored,false,false,false
esa-gru-rho4_lag2-d302-m3016,gru,rho4_lag2,302,3016,2,,right_censored,false,,undefined,unlearnable,true,false,0.10582379590341587,,right_censored,false,false,false
esa-gru-rho4_lag2-d302-m3017,gru,rho4_lag2,302,3017,0.25,,right_censored,false,,undefined,unlearnable,true,false,0.20044232881627977,,right_censored,false,true,false
esa-gru-rho4_lag2-d302-m3017,gru,rho4_lag2,302,3017,0.5,,right_censored,false,,undefined,unlearnable,true,false,0.20044232881627977,,right_censored,false,true,false
esa-gru-rho4_lag2-d302-m3017,gru,rho4_lag2,302,3017,1,,right_censored,false,,undefined,unlearnable,true,false,0.20044232881627977,,right_censored,false,true,false
esa-gru-rho4_lag2-d302-m3017,gru,rho4_lag2,302,3017,2,,right_censored,false,,undefined,unlearnable,true,false,0.20044232881627977,,right_censored,false,true,false
esa-gru-rho4_lag2-d303-m3010,gru,rho4_lag2,303,3010,0.25,,right_censored,false,,undefined,unlearnable,true,false,0.11301350223366169,,right_censored,false,true,false
esa-gru-rho4_lag2-d303-m3010,gru,rho4_lag2,303,3010,0.5,,right_censored,false,,undefined,unlearnable,true,false,0.11301350223366169,,right_censored,false,true,false
esa-gru-rho4_lag2-d303-m3010,gru,rho4_lag2,303,3010,1,,right_censored,false,,undefined,unlearnable,true,false,0.11301350223366169,,right_censored,false,true,false
esa-gru-rho4_lag2-d303-m3010,gru,rho4_lag2,303,3010,2,,right_censored,false,,undefined,unlearnable,true,false,0.11301350223366169,,right_censored,false,true,false
esa-gru-rho4_lag2-d303-m3011,gru,rho4_lag2,303,3011,0.25,,right_censored,false,,undefined,unlearnable,true,false,-0.019725733180530378,,right_censored,false,true,false
esa-gru-rho4_lag2-d303-m3011,gru,rho4_lag2,303,3011,0.5,,right_censored,false,,undefined,unlearnable,true,false,-0.019725733180530378,,right_censored,false,true,false
esa-gru-rho4_lag2-d303-m3011,gru,rho4_lag2,303,3011,1,,right_censored,false,,undefined,unlearnable,true,false,-0.019725733180530378,,right_censored,false,true,false
esa-gru-rho4_lag2-d303-m3011,gru,rho4_lag2,303,3011,2,,right_censored,false,,undefined,unlearnable,true,false,-0.019725733180530378,,right_censored,false,true,false
esa-gru-rho4_lag2-d303-m3012,gru,rho4_lag2,303,3012,0.25,,right_censored,false,,undefined,unlearnable,true,false,0.029654211917659264,,right_censored,false,false,false
esa-gru-rho4_lag2-d303-m3012,gru,rho4_lag2,303,3012,0.5,,right_censored,false,,undefined,unlearnable,true,false,0.029654211917659264,,right_censored,false,false,false
esa-gru-rho4_lag2-d303-m3012,gru,rho4_lag2,303,3012,1,,right_censored,false,,undefined,unlearnable,true,false,0.029654211917659264,,right_censored,false,false,false
esa-gru-rho4_lag2-d303-m3012,gru,rho4_lag2,303,3012,2,,right_censored,false,,undefined,unlearnable,true,false,0.029654211917659264,,right_censored,false,false,false
esa-gru-rho4_lag2-d303-m3013,gru,rho4_lag2,303,3013,0.25,,right_censored,false,,undefined,unlearnable,true,false,0.5876483903033658,,right_censored,false,false,false
esa-gru-rho4_lag2-d303-m3013,gru,rho4_lag2,303,3013,0.5,,right_censored,false,,undefined,unlearnable,true,false,0.5876483903033658,,right_censored,false,false,false
esa-gru-rho4_lag2-d303-m3013,gru,rho4_lag2,303,3013,1,,right_censored,false,,undefined,unlearnable,true,false,0.5876483903033658,,right_censored,false,false,false
esa-gru-rho4_lag2-d303-m3013,gru,rho4_lag2,303,3013,2,,right_censored,false,,undefined,unlearnable,true,false,0.5876483903033658,,right_censored,false,false,false
esa-gru-rho4_lag2-d303-m3014,gru,rho4_lag2,303,3014,0.25,,right_censored,false,,undefined,unlearnable,true,false,0.31274909243220467,,right_censored,false,true,false
esa-gru-rho4_lag2-d303-m3014,gru,rho4_lag2,303,3014,0.5,,right_censored,false,,undefined,unlearnable,true,false,0.31274909243220467,,right_censored,false,true,false
esa-gru-rho4_lag2-d303-m3014,gru,rho4_lag2,303,3014,1,,right_censored,false,,undefined,unlearnable,true,false,0.31274909243220467,,right_censored,false,true,false
esa-gru-rho4_lag2-d303-m3014,gru,rho4_lag2,303,3014,2,,right_censored,false,,undefined,unlearnable,true,false,0.31274909243220467,,right_censored,false,true,false
esa-gru-rho4_lag2-d303-m3015,gru,rho4_lag2,303,3015,0.25,,right_censored,false,,undefined,unlearnable,true,false,0.42785078814486038,,right_censored,false,false,false
esa-gru-rho4_lag2-d303-m3015,gru,rho4_lag2,303,3015,0.5,,right_censored,false,,undefined,unlearnable,true,false,0.42785078814486038,,right_censored,false,false,false
esa-gru-rho4_lag2-d303-m3015,gru,rho4_lag2,303,3015,1,,right_censored,false,,undefined,unlearnable,true,false,0.42785078814486038,,right_censored,false,false,false
esa-gru-rho4_lag2-d303-m3015,gru,rho4_lag2,303,3015,2,,right_censored,false,,undefined,unlearnable,true,false,0.42785078814486038,,right_censored,false,false,false
esa-gru-rho4_lag2-d303-m3016,gru,rho4_lag2,303,3016,0.25,,right_censored,false,,undefined,unlearnable,true,false,0.11126777302852132,,right_censored,false,false,false
esa-gru-rho4_lag2-d303-m3016,gru,rho4_lag2,303,3016,0.5,,right_censored,false,,undefined,unlearnable,true,false,0.11126777302852132,,right_censored,false,false,false
esa-gru-rho4_lag2-d303-m3016,gru,rho4_lag2,303,3016,1,,right_censored,false,,undefined,unlearnable,true,false,0.11126777302852132,,right_censored,false,false,false
esa-gru-rho4_lag2-d303-m3016,gru,rho4_lag2,303,3016,2,,right_censored,false,,undefined,unlearnable,true,false,0.11126777302852132,,right_censored,false,false,false
esa-gru-rho4_lag2-d303-m3017,gru,rho4_lag2,303,3017,0.25,,right_censored,false,,undefined,unlearnable,true,false,0.20504586836905214,,right_censored,false,true,false
esa-gru-rho4_lag2-d303-m3017,gru,rho4_lag2,303,3017,0.5,,right_censored,false,,undefined,unlearnable,true,false,0.20504586836905214,,right_censored,false,true,false
esa-gru-rho4_lag2-d303-m3017,gru,rho4_lag2,303,3017,1,,right_censored,false,,undefined,unlearnable,true,false,0.20504586836905214,,right_censored,false,true,false
esa-gru-rho4_lag2-d303-m3017,gru,rho4_lag2,303,3017,2,,right_censored,false,,undefined,unlearnable,true,false,0.20504586836905214,,right_censored,false,true,false
esa-gru-rho4_lag2-d304-m3010,gru,rho4_lag2,304,3010,0.25,,right_censored,false,,undefined,unlearnable,true,false,0.09965182497398925,,right_censored,false,true,false
esa-gru-rho4_lag2-d304-m3010,gru,rho4_lag2,304,3010,0.5,,right_censored,false,,undefined,unlearnable,true,false,0.09965182497398925,,right_censored,false,true,false
esa-gru-rho4_lag2-d304-m3010,gru,rho4_lag2,304,3010,1,,right_censored,false,,undefined,unlearnable,true,false,0.09965182497398925,,right_censored,false,true,false
esa-gru-rho4_lag2-d304-m3010,gru,rho4_lag2,304,3010,2,,right_censored,false,,undefined,unlearnable,true,false,0.09965182497398925,,right_censored,false,true,false
esa-gru-rho4_lag2-d304-m3011,gru,rho4_lag2,304,3011,0.25,,right_censored,false,,undefined,unlearnable,true,false,-0.018625399481970832,,right_censored,false,true,false
esa-gru-rho4_lag2-d304-m3011,gru,rho4_lag2,304,3011,0.5,,right_censored,false,,undefined,unlearnable,true,false,-0.018625399481970832,,right_censored,false,true,false
esa-gru-rho4_lag2-d304-m3011,gru,rho4_lag2,304,3011,1,,right_censored,false,,undefined,unlearnable,true,false,-0.018625399481970832,,right_censored,false,true,false
esa-gru-rho4_lag2-d304-m3011,gru,rho4_lag2,304,3011,2,,right_censored,false,,undefined,unlearnable,true,false,-0.018625399481970832,,right_censored,false,true,false
esa-gru-rho4_lag2-d304-m3012,gru,rho4_lag2,304,3012,0.25,,right_censored,false,,undefined,unlearnable,true,false,0.025271781312767409,,right_censored,false,false,false
esa-gru-rho4_lag2-d304-m3012,gru,rho4_lag2,304,3012,0.5,,right_censored,false,,undefined,unlearnable,true,false,0.025271781312767409,,right_censored,false,false,false
esa-gru-rho4_lag2-d304-m3012,gru,rho4_lag2,304,3012,1,,right_censored,false,,undefined,unlearnable,true,false,0.025271781312767409,,right_censored,false,false,false
esa-gru-rho4_lag2-d304-m3012,gru,rho4_lag2,304,3012,2,,right_censored,false,,undefined,unlearnable,true,false,0.025271781312767409,,right_censored,false,false,false
esa-gru-rho4_lag2-d304-m3013,gru,rho4_lag2,304,3013,0.25,,right_censored,false,,undefined,unlearnable,true,false,0.58233485564123832,,right_censored,false,false,false
esa-gru-rho4_lag2-d304-m3013,gru,rho4_lag2,304,3013,0.5,,right_censored,false,,undefined,unlearnable,true,false,0.58233485564123832,,right_censored,false,false,false
esa-gru-rho4_lag2-d304-m3013,gru,rho4_lag2,304,3013,1,,right_censored,false,,undefined,unlearnable,true,false,0.58233485564123832,,right_censored,false,false,false
esa-gru-rho4_lag2-d304-m3013,gru,rho4_lag2,304,3013,2,,right_censored,false,,undefined,unlearnable,true,false,0.58233485564123832,,right_censored,false,false,false
esa-gru-rho4_lag2-d304-m3014,gru,rho4_lag2,304,3014,0.25,,right_censored,false,,undefined,unlearnable,true,false,0.3052317415946163,,right_censored,false,true,false
esa-gru-rho4_lag2-d304-m3014,gru,rho4_lag2,304,3014,0.5,,right_censored,false,,undefined,unlearnable,true,false,0.3052317415946163,,right_censored,false,true,false
esa-gru-rho4_lag2-d304-m3014,gru,rho4_lag2,304,3014,1,,right_censored,false,,undefined,unlearnable,true,false,0.3052317415946163,,right_censored,false,true,false
esa-gru-rho4_lag2-d304-m3014,gru,rho4_lag2,304,3014,2,,right_censored,false,,undefined,unlearnable,true,false,0.3052317415946163,,right_censored,false,true,false
esa-gru-rho4_lag2-d304-m3015,gru,rho4_lag2,304,3015,0.25,,right_censored,false,,undefined,unlearnable,true,false,0.42316736481152473,,right_censored,false,false,false
esa-gru-rho4_lag2-d304-m3015,gru,rho4_lag2,304,3015,0.5,,right_censored,false,,undefined,unlearnable,true,false,0.42316736481152473,,right_censored,false,false,false
esa-gru-rho4_lag2-d304-m3015,gru,rho4_lag2,304,3015,1,,right_censored,false,,undefined,unlearnable,true,false,0.42316736481152473,,right_censored,false,false,false
esa-gru-rho4_lag2-d304-m3015,gru,rho4_lag2,304,3015,2,,right_censored,false,,undefined,unlearnable,true,false,0.42316736481152473,,right_censored,false,false,false
esa-gru-rho4_lag2-d304-m3016,gru,rho4_lag2,304,3016,0.25,,right_censored,false,,undefined,unlearnable,true,false,0.10613280754478183,,right_censored,false,false,false
esa-gru-rho4_lag2-d304-m3016,gru,rho4_lag2,304,3016,0.5,,right_censored,false,,undefined,unlearnable,true,false,0.10613280754478183,,right_censored,false,false,false
esa-gru-rho4_lag2-d304-m3016,gru,rho4_lag2,304,3016,1,,right_censored,false,,undefined,unlearnable,true,false,0.10613280754478183,,right_censored,false,false,false
esa-gru-rho4_lag2-d304-m3016,gru,rho4_lag2,304,3016,2,,right_censored,false,,undefined,unlearnable,true,false,0.10613280754478183,,right_censored,false,false,false
esa-gru-rho4_lag2-d304-m3017,gru,rho4_lag2,304,3017,0.25,,right_censored,false,,undefined,unlearnable,true,false,0.20568464198731815,,right_censored,false,true,false
esa-gru-rho4_lag2-d304-m3017,gru,rho4_lag2,304,3017,0.5,,right_censored,false,,undefined,unlearnable,true,false,0.20568464198731815,,right_censored,false,true,false
esa-gru-rho4_lag2-d304-m3017,gru,rho4_lag2,304,3017,1,,right_censored,false,,undefined,unlearnable,true,false,0.20568464198731815,,right_censored,false,true,false
esa-gru-rho4_lag2-d304-m3017,gru,rho4_lag2,304,3017,2,,right_censored,false,,undefined,unlearnable,true,false,0.20568464198731815,,right_censored,false,true,false
esa-gru-rho5_lag3-d301-m3010,gru,rho5_lag3,301,3010,0.25,,right_censored,false,,undefined,unlearnable,true,false,0.019003634701948609,,right_censored,false,true,false
esa-gru-rho5_lag3-d301-m3010,gru,rho5_lag3,301,3010,0.5,,right_censored,false,,undefined,unlearnable,true,false,0.019003634701948609,,right_censored,false,true,false
esa-gru-rho5_lag3-d301-m3010,gru,rho5_lag3,301,3010,1,,right_censored,false,,undefined,unlearnable,true,false,0.019003634701948609,,right_censored,false,true,false
esa-gru-rho5_lag3-d301-m3010,gru,rho5_lag3,301,3010,2,,right_censored,false,,undefined,unlearnable,true,false,0.019003634701948609,,right_censored,false,true,false
esa-gru-rho5_lag3-d301-m3011,gru,rho5_lag3,301,3011,0.25,,right_censored,false,,undefined,unlearnable,true,false,-0.04114999487937894,,right_censored,false,true,false
esa-gru-rho5_lag3-d301-m3011,gru,rho5_lag3,301,3011,0.5,,right_censored,false,,undefined,unlearnable,true,false,-0.04114999487937894,,right_censored,false,true,false
esa-gru-rho5_lag3-d301-m3011,gru,rho5_lag3,301,3011,1,,right_censored,false,,undefined,unlearnable,true,false,-0.04114999487937894,,right_censored,false,true,false
esa-gru-rho5_lag3-d301-m3011,gru,rho5_lag3,301,3011,2,,right_censored,false,,undefined,unlearnable,true,false,-0.04114999487937894,,right_censored,false,true,false
esa-gru-rho5_lag3-d301-m3012,gru,rho5_lag3,301,3012,0.25,,right_censored,false,,undefined,unlearnable,true,false,-0.0093294869613600902,,right_censored,false,true,false
esa-gru-rho5_lag3-d301-m3012,gru,rho5_lag3,301,3012,0.5,,right_censored,false,,undefined,unlearnable,true,false,-0.0093294869613600902,,right_censored,false,true,false
esa-gru-rho5_lag3-d301-m3012,gru,rho5_lag3,301,3012,1,,right_censored,false,,undefined,unlearnable,true,false,-0.0093294869613600902,,right_censored,false,true,false
esa-gru-rho5_lag3-d301-m3012,gru,rho5_lag3,301,3012,2,,right_censored,false,,undefined,unlearnable,true,false,-0.0093294869613600902,,right_censored,false,true,false
esa-gru-rho5_lag3-d301-m3013,gru,rho5_lag3,301,3013,0.25,,right_censored,false,,undefined,unlearnable,true,false,0.22902182920370251,,right_censored,false,false,false
esa-gru-rho5_lag3-d301-m3013,gru,rho5_lag3,301,3013,0.5,,right_censored,false,,undefined,unlearnable,true,false,0.22902182920370251,,right_censored,false,false,false
esa-gru-rho5_lag3-d301-m3013,gru,rho5_lag3,301,3013,1,,right_censored,false,,undefined,unlearnable,true,false,0.22902182920370251,,right_censored,false,false,false
esa-gru-rho5_lag3-d301-m3013,gru,rho5_lag3,301,3013,2,,right_censored,false,,undefined,unlearnable,true,false,0.22902182920370251,,right_censored,false,false,false
esa-gru-rho5_lag3-d301-m3014,gru,rho5_lag3,301,3014,0.25,,right_censored,false,,undefined,unlearnable,true,false,0.15492526425805409,,right_censored,false,true,false
esa-gru-rho5_lag3-d301-m3014,gru,rho5_lag3,301,3014,0.5,,right_censored,false,,undefined,unlearnable,true,false,0.15492526425805409,,right_censored,false,true,false
esa-gru-rho5_lag3-d301-m3014,gru,rho5_lag3,301,3014,1,,right_censored,false,,undefined,unlearnable,true,false,0.15492526425805409,,right_censored,false,true,false
esa-gru-rho5_lag3-d301-m3014,gru,rho5_lag3,301,3014,2,,right_censored,false,,undefined,unlearnable,true,false,0.15492526425805409,,right_censored,false,true,false
esa-gru-rho5_lag3-d301-m3015,gru,rho5_lag3,301,3015,0.25,,right_censored,false,,undefined,unlearnable,true,false,0.17328138161683454,,right_censored,false,false,false
esa-gru-rho5_lag3-d301-m3015,gru,rho5_lag3,301,3015,0.5,,right_censored,false,,undefined,unlearnable,true,false,0.17328138161683454,,right_censored,false,false,false
esa-gru-rho5_lag3-d301-m3015,gru,rho5_lag3,301,3015,1,,right_censored,false,,undefined,unlearnable,true,false,0.17328138161683454,,right_censored,false,false,false
esa-gru-rho5_lag3-d301-m3015,gru,rho5_lag3,301,3015,2,,right_censored,false,,undefined,unlearnable,true,false,0.17328138161683454,,right_censored,false,false,false
esa-gru-rho5_lag3-d301-m3016,gru,rho5_lag3,301,3016,0.25,,right_censored,false,,undefined,unlearnable,true,false,0.053739688808855129,,right_censored,false,false,false
esa-gru-rho5_lag3-d301-m3016,gru,rho5_lag3,301,3016,0.5,,right_censored,false,,undefined,unlearnable,true,false,0.053739688808855129,,right_censored,false,false,false
esa-gru-rho5_lag3-d301-m3016,gru,rho5_lag3,301,3016,1,,right_censored,false,,undefined,unlearnable,true,false,0.053739688808855129,,right_censored,false,false,false
esa-gru-rho5_lag3-d301-m3016,gru,rho5_lag3,301,3016,2,,right_censored,false,,undefined,unlearnable,true,false,0.053739688808855129,,right_censored,false,false,false
esa-gru-rho5_lag3-d301-m3017,gru,rho5_lag3,301,3017,0.25,,right_censored,false,,undefined,unlearnable,true,false,0.10751375883992295,,right_censored,false,true,false
esa-gru-rho5_lag3-d301-m3017,gru,rho5_lag3,301,3017,0.5,,right_censored,false,,undefined,unlearnable,true,false,0.10751375883992295,,right_censored,false,true,false
esa-gru-rho5_lag3-d301-m3017,gru,rho5_lag3,301,3017,1,,right_censored,false,,undefined,unlearnable,true,false,0.10751375883992295,,right_censored,false,true,false
esa-gru-rho5_lag3-d301-m3017,gru,rho5_lag3,301,3017,2,,right_censored,false,,undefined,unlearnable,true,false,0.10751375883992295,,right_censored,false,true,false
esa-gru-rho5_lag3-d302-m3010,gru,rho5_lag3,302,3010,0.25,,right_censored,false,,undefined,unlearnable,true,false,0.022699385834857821,,right_censored,false,true,false
esa-gru-rho5_lag3-d302-m3010,gru,rho5_lag3,302,3010,0.5,,right_censored,false,,undefined,unlearnable,true,false,0.022699385834857821,,right_censored,false,true,false
esa-gru-rho5_lag3-d302-m3010,gru,rho5_lag3,302,3010,1,,right_censored,false,,undefined,unlearnable,true,false,0.022699385834857821,,right_censored,false,true,false
esa-gru-rho5_lag3-d302-m3010,gru,rho5_lag3,302,3010,2,,right_censored,false,,undefined,unlearnable,true,false,0.022699385834857821,,right_censored,false,true,false
esa-gru-rho5_lag3-d302-m3011,gru,rho5_lag3,302,3011,0.25,,right_censored,false,,undefined,unlearnable,true,false,-0.047123817770625465,,right_censored,false,true,false
esa-gru-rho5_lag3-d302-m3011,gru,rho5_lag3,302,3011,0.5,,right_censored,false,,undefined,unlearnable,true,false,-0.047123817770625465,,right_censored,false,true,false
esa-gru-rho5_lag3-d302-m3011,gru,rho5_lag3,302,3011,1,,right_censored,false,,undefined,unlearnable,true,false,-0.047123817770625465,,right_censored,false,true,false
esa-gru-rho5_lag3-d302-m3011,gru,rho5_lag3,302,3011,2,,right_censored,false,,undefined,unlearnable,true,false,-0.047123817770625465,,right_censored,false,true,false
esa-gru-rho5_lag3-d302-m3012,gru,rho5_lag3,302,3012,0.25,,right_censored,false,,undefined,unlearnable,true,false,-0.0096230266615748433,,right_censored,false,true,false
esa-gru-rho5_lag3-d302-m3012,gru,rho5_lag3,302,3012,0.5,,right_censored,false,,undefined,unlearnable,true,false,-0.0096230266615748433,,right_censored,false,true,false
esa-gru-rho5_lag3-d302-m3012,gru,rho5_lag3,302,3012,1,,right_censored,false,,undefined,unlearnable,true,false,-0.0096230266615748433,,right_censored,false,true,false
esa-gru-rho5_lag3-d302-m3012,gru,rho5_lag3,302,3012,2,,right_censored,false,,undefined,unlearnable,true,false,-0.0096230266615748433,,right_censored,false,true,false
esa-gru-rho5_lag3-d302-m3013,gru,rho5_lag3,302,3013,0.25,,right_censored,false,,undefined,unlearnable,true,false,0.22072656054515391,,right_censored,false,false,false
esa-gru-rho5_lag3-d302-m3013,gru,rho5_lag3,302,3013,0.5,,right_censored,false,,undefined,unlearnable,true,false,0.22072656054515391,,right_censored,false,false,false
esa-gru-rho5_lag3-d302-m3013,gru,rho5_lag3,302,3013,1,,right_censored,false,,undefined,unlearnable,true,false,0.22072656054515391,,right_censored,false,false,false
esa-gru-rho5_lag3-d302-m3013,gru,rho5_lag3,302,3013,2,,right_censored,false,,undefined,unlearnable,true,false,0.22072656054515391,,right_censored,false,false,false
esa-gru-rho5_lag3-d302-m3014,gru,rho5_lag3,302,3014,0.25,,right_censored,false,,undefined,unlearnable,true,false,0.15602202077861874,,right_censored,false,true,false
esa-gru-rho5_lag3-d302-m3014,gru,rho5_lag3,302,3014,0.5,,right_censored,false,,undefined,unlearnable,true,false,0.15602202077861874,,right_censored,false,true,false
esa-gru-rho5_lag3-d302-m3014,gru,rho5_lag3,302,3014,1,,right_censored,false,,undefined,unlearnable,true,false,0.15602202077861874,,right_censored,false,true,false
esa-gru-rho5_lag3-d302-m3014,gru,rho5_lag3,302,3014,2,,right_censored,false,,undefined,unlearnable,true,false,0.15602202077861874,,right_censored,false,true,false
esa-gru-rho5_lag3-d302-m3015,gru,rho5_lag3,302,3015,0.25,,right_censored,false,,undefined,unlearnable,true,false,0.17098073642700909,,right_censored,false,false,false
esa-gru-rho5_lag3-d302-m3015,gru,rho5_lag3,302,3015,0.5,,right_censored,false,,undefined,unlearnable,true,false,0.17098073642700909,,right_censored,false,false,false
esa-gru-rho5_lag3-d302-m3015,gru,rho5_lag3,302,3015,1,,right_censored,false,,undefined,unlearnable,true,false,0.17098073642700909,,right_censored,false,false,false
esa-gru-rho5_lag3-d302-m3015,gru,rho5_lag3,302,3015,2,,right_censored,false,,undefined,unlearnable,true,false,0.17098073642700909,,right_censored,false,false,false
esa-gru-rho5_lag3-d302-m3016,gru,rho5_lag3,302,3016,0.25,,right_censored,false,,undefined,unlearnable,true,false,0.053095599079097153,,right_censored,false,false,false
esa-gru-rho5_lag3-d302-m3016,gru,rho5_lag3,302,3016,0.5,,right_censored,false,,undefined,unlearnable,true,false,0.053095599079097153,,right_censored,false,false,false
esa-gru-rho5_lag3-d302-m3016,gru,rho5_lag3,302,3016,1,,right_censored,false,,undefined,unlearnable,true,false,0.053095599079097153,,right_censored,false,false,false
esa-gru-rho5_lag3-d302-m3016,gru,rho5_lag3,302,3016,2,,right_censored,false,,undefined,unlearnable,true,false,0.053095599079097153,,right_censored,false,false,false
esa-gru-rho5_lag3-d302-m3017,gru,rho5_lag3,302,3017,0.25,,right_censored,false,,undefined,unlearnable,true,false,0.099150180729338899,,right_censored,false,true,false
esa-gru-rho5_lag3-d302-m3017,gru,rho5_lag3,302,3017,0.5,,right_censored,false,,undefined,unlearnable,true,false,0.099150180729338899,,right_censored,false,true,false
esa-gru-rho5_lag3-d302-m3017,gru,rho5_lag3,302,3017,1,,right_censored,false,,undefined,unlearnable,true,false,0.099150180729338899,,right_censored,false,true,false
esa-gru-rho5_lag3-d302-m3017,gru,rho5_lag3,302,3017,2,,right_censored,false,,undefined,unlearnable,true,false,0.099150180729338899,,right_censored,false,true,false
esa-gru-rho5_lag3-d303-m3010,gru,rho5_lag3,303,3010,0.25,,right_censored,false,,undefined,unlearnable,true,false,0.0265150858904235,,right_censored,false,true,false
esa-gru-rho5_lag3-d303-m3010,gru,rho5_lag3,303,3010,0.5,,right_censored,false,,undefined,unlearnable,true,false,0.0265150858904235,,right_censored,false,true,false
esa-gru-rho5_lag3-d303-m3010,gru,rho5_lag3,303,3010,1,,right_censored,false,,undefined,unlearnable,true,false,0.0265150858904235,,right_censored,false,true,false
esa-gru-rho5_lag3-d303-m3010,gru,rho5_lag3,303,3010,2,,right_censored,false,,undefined,unlearnable,true,false,0.0265150858904235,,right_censored,false,true,false
esa-gru-rho5_lag3-d303-m3011,gru,rho5_lag3,303,3011,0.25,,right_censored,false,,undefined,unlearnable,true,false,-0.046317882454604845,,right_censored,false,true,false
esa-gru-rho5_lag3-d303-m3011,gru,rho5_lag3,303,3011,0.5,,right_censored,false,,undefined,unlearnable,true,false,-0.046317882454604845,,right_censored,false,true,false
esa-gru-rho5_lag3-d303-m3011,gru,rho5_lag3,303,3011,1,,right_censored,false,,undefined,unlearnable,true,false,-0.046317882454604845,,right_censored,false,true,false
esa-gru-rho5_lag3-d303-m3011,gru,rho5_lag3,303,3011,2,,right_censored,false,,undefined,unlearnable,true,false,-0.046317882454604845,,right_censored,false,true,false
esa-gru-rho5_lag3-d303-m3012,gru,rho5_lag3,303,3012,0.25,,right_censored,false,,undefined,unlearnable,true,false,-0.0088616188993910321,,right_censored,false,true,false
esa-gru-rho5_lag3-d303-m3012,gru,rho5_lag3,303,3012,0.5,,right_censored,false,,undefined,unlearnable,true,false,-0.0088616188993910321,,right_censored,false,true,false
esa-gru-rho5_lag3-d303-m3012,gru,rho5_lag3,303,3012,1,,right_censored,false,,undefined,unlearnable,true,false,-0.0088616188993910321,,right_censored,false,true,false
esa-gru-rho5_lag3-d303-m3012,gru,rho5_lag3,303,3012,2,,right_censored,false,,undefined,unlearnable,true,false,-0.0088616188993910321,,right_censored,false,true,false
esa-gru-rho5_lag3-d303-m3013,gru,rho5_lag3,303,3013,0.25,,right_censored,false,,undefined,unlearnable,true,false,0.22371142912888897,,right_censored,false,false,false
esa-gru-rho5_lag3-d303-m3013,gru,rho5_lag3,303,3013,0.5,,right_censored,false,,undefined,unlearnable,true,false,0.22371142912888897,,right_censored,false,false,false
esa-gru-rho5_lag3-d303-m3013,gru,rho5_lag3,303,3013,1,,right_censored,false,,undefined,unlearnable,true,false,0.22371142912888897,,right_censored,false,false,false
esa-gru-rho5_lag3-d303-m3013,gru,rho5_lag3,303,3013,2,,right_censored,false,,undefined,unlearnable,true,false,0.22371142912888897,,right_censored,false,false,false
esa-gru-rho5_lag3-d303-m3014,gru,rho5_lag3,303,3014,0.25,,right_censored,false,,undefined,unlearnable,true,false,0.15843781139701607,,right_censored,false,true,false
esa-gru-rho5_lag3-d303-m3014,gru,rho5_lag3,303,3014,0.5,,right_censored,false,,undefined,unlearnable,true,false,0.15843781139701607,,right_censored,false,true,false
esa-gru-rho5_lag3-d303-m3014,gru,rho5_lag3,303,3014,1,,right_censored,false,,undefined,unlearnable,true,false,0.15843781139701607,,right_censored,false,true,false
esa-gru-rho5_lag3-d303-m3014,gru,rho5_lag3,303,3014,2,,right_censored,false,,undefined,unlearnable,true,false,0.15843781139701607,,right_censored,false,true,false
esa-gru-rho5_lag3-d303-m3015,gru,rho5_lag3,303,3015,0.25,,right_censored,false,,undefined,unlearnable,true,false,0.17287814647424965,,right_censored,false,false,false
esa-gru-rho5_lag3-d303-m3015,gru,rho5_lag3,303,3015,0.5,,right_censored,false,,undefined,unlearnable,true,false,0.17287814647424965,,right_censored,false,false,false
esa-gru-rho5_lag3-d303-m3015,gru,rho5_lag3,303,3015,1,,right_censored,false,,undefined,unlearnable,true,false,0.17287814647424965,,right_censored,false,false,false
esa-gru-rho5_lag3-d303-m3015,gru,rho5_lag3,303,3015,2,,right_censored,false,,undefined,unlearnable,true,false,0.17287814647424965,,right_censored,false,false,false
esa-gru-rho5_lag3-d303-m3016,gru,rho5_lag3,303,3016,0.25,,right_censored,false,,undefined,unlearnable,true,false,0.054504589573843985,,right_censored,false,false,false
esa-gru-rho5_lag3-d303-m3016,gru,rho5_lag3,303,3016,0.5,,right_censored,false,,undefined,unlearnable,true,false,0.054504589573843985,,right_censored,false,false,false
esa-gru-rho5_lag3-d303-m3016,gru,rho5_lag3,303,3016,1,,right_censored,false,,undefined,unlearnable,true,false,0.054504589573843985,,right_censored,false,false,false
esa-gru-rho5_lag3-d303-m3016,gru,rho5_lag3,303,3016,2,,right_censored,false,,undefined,unlearnable,true,false,0.054504589573843985,,right_censored,false,false,false
esa-gru-rho5_lag3-d303-m3017,gru,rho5_lag3,303,3017,0.25,,right_censored,false,,undefined,unlearnable,true,false,0.099237106525106353,,right_censored,false,true,false
esa-gru-rho5_lag3-d303-m3017,gru,rho5_lag3,303,3017,0.5,,right_censored,false,,undefined,unlearnable,true,false,0.099237106525106353,,right_censored,false,true,false
esa-gru-rho5_lag3-d303-m3017,gru,rho5_lag3,303,3017,1,,right_censored,false,,undefined,unlearnable,true,false,0.099237106525106353,,right_censored,false,true,false
esa-gru-rho5_lag3-d303-m3017,gru,rho5_lag3,303,3017,2,,right_censored,false,,undefined,unlearnable,true,false,0.099237106525106353,,right_censored,false,true,false
esa-gru-rho5_lag3-d304-m3010,gru,rho5_lag3,304,3010,0.25,,right_censored,false,,undefined,unlearnable,true,false,0.020617489865981036,,right_censored,false,true,false
esa-gru-rho5_lag3-d304-m3010,gru,rho5_lag3,304,3010,0.5,,right_censored,false,,undefined,unlearnable,true,false,0.020617489865981036,,right_censored,false,true,false
esa-gru-rho5_lag3-d304-m3010,gru,rho5_lag3,304,3010,1,,right_censored,false,,undefined,unlearnable,true,false,0.020617489865981036,,right_censored,false,true,false
esa-gru-rho5_lag3-d304-m3010,gru,rho5_lag3,304,3010,2,,right_censored,false,,undefined,unlearnable,true,false,0.020617489865981036,,right_censored,false,true,false
esa-gru-rho5_lag3-d304-m3011,gru,rho5_lag3,304,3011,0.25,,right_censored,false,,undefined,unlearnable,true,false,-0.045458572369534531,,right_censored,false,true,false
esa-gru-rho5_lag3-d304-m3011,gru,rho5_lag3,304,3011,0.5,,right_censored,false,,undefined,unlearnable,true,false,-0.045458572369534531,,right_censored,false,true,false
esa-gru-rho5_lag3-d304-m3011,gru,rho5_lag3,304,3011,1,,right_censored,false,,undefined,unlearnable,true,false,-0.045458572369534531,,right_censored,false,true,false
esa-gru-rho5_lag3-d304-m3011,gru,rho5_lag3,304,3011,2,,right_censored,false,,undefined,unlearnable,true,false,-0.045458572369534531,,right_censored,false,true,false
esa-gru-rho5_lag3-d304-m3012,gru,rho5_lag3,304,3012,0.25,,right_censored,false,,undefined,unlearnable,true,false,-0.0099303893570322557,,right_censored,false,true,false
esa-gru-rho5_lag3-d304-m3012,gru,rho5_lag3,304,3012,0.5,,right_censored,false,,undefined,unlearnable,true,false,-0.0099303893570322557,,right_censored,false,true,false
esa-gru-rho5_lag3-d304-m3012,gru,rho5_lag3,304,3012,1,,right_censored,false,,undefined,unlearnable,true,false,-0.0099303893570322557,,right_censored,false,true,false
esa-gru-rho5_lag3-d304-m3012,gru,rho5_lag3,304,3012,2,,right_censored,false,,undefined,unlearnable,true,false,-0.0099303893570322557,,right_censored,false,true,false
esa-gru-rho5_lag3-d304-m3013,gru,rho5_lag3,304,3013,0.25,,right_censored,false,,undefined,unlearnable,true,false,0.22387355278478938,,right_censored,false,false,false
esa-gru-rho5_lag3-d304-m3013,gru,rho5_lag3,304,3013,0.5,,right_censored,false,,undefined,unlearnable,true,false,0.22387355278478938,,right_censored,false,false,false
esa-gru-rho5_lag3-d304-m3013,gru,rho5_lag3,304,3013,1,,right_censored,false,,undefined,unlearnable,true,false,0.22387355278478938,,right_censored,false,false,false
esa-gru-rho5_lag3-d304-m3013,gru,rho5_lag3,304,3013,2,,right_censored,false,,undefined,unlearnable,true,false,0.22387355278478938,,right_censored,false,false,false
esa-gru-rho5_lag3-d304-m3014,gru,rho5_lag3,304,3014,0.25,,right_censored,false,,undefined,unlearnable,true,false,0.15530310152971652,,right_censored,false,true,false
esa-gru-rho5_lag3-d304-m3014,gru,rho5_lag3,304,3014,0.5,,right_censored,false,,undefined,unlearnable,true,false,0.15530310152971652,,right_censored,false,true,false
esa-gru-rho5_lag3-d304-m3014,gru,rho5_lag3,304,3014,1,,right_censored,false,,undefined,unlearnable,true,false,0.15530310152971652,,right_censored,false,true,false
esa-gru-rho5_lag3-d304-m3014,gru,rho5_lag3,304,3014,2,,right_censored,false,,undefined,unlearnable,true,false,0.15530310152971652,,right_censored,false,true,false
esa-gru-rho5_lag3-d304-m3015,gru,rho5_lag3,304,3015,0.25,,right_censored,false,,undefined,unlearnable,true,false,0.17138623624341562,,right_censored,false,false,false
esa-gru-rho5_lag3-d304-m3015,gru,rho5_lag3,304,3015,0.5,,right_censored,false,,undefined,unlearnable,true,false,0.17138623624341562,,right_censored,false,false,false
esa-gru-rho5_lag3-d304-m3015,gru,rho5_lag3,304,3015,1,,right_censored,false,,undefined,unlearnable,true,false,0.17138623624341562,,right_censored,false,false,false
esa-gru-rho5_lag3-d304-m3015,gru,rho5_lag3,304,3015,2,,right_censored,false,,undefined,unlearnable,true,false,0.17138623624341562,,right_censored,false,false,false
esa-gru-rho5_lag3-d304-m3016,gru,rho5_lag3,304,3016,0.25,,right_censored,false,,undefined,unlearnable,true,false,0.053079888571664922,,right_censored,false,false,false
esa-gru-rho5_lag3-d304-m3016,gru,rho5_lag3,304,3016,0.5,,right_censored,false,,undefined,unlearnable,true,false,0.053079888571664922,,right_censored,false,false,false
esa-gru-rho5_lag3-d304-m3016,gru,rho5_lag3,304,3016,1,,right_censored,false,,undefined,unlearnable,true,false,0.053079888571664922,,right_censored,false,false,false
esa-gru-rho5_lag3-d304-m3016,gru,rho5_lag3,304,3016,2,,right_censored,false,,undefined,unlearnable,true,false,0.053079888571664922,,right_censored,false,false,false
esa-gru-rho5_lag3-d304-m3017,gru,rho5_lag3,304,3017,0.25,,right_censored,false,,undefined,unlearnable,true,false,0.10195907307206653,,right_censored,false,true,false
esa-gru-rho5_lag3-d304-m3017,gru,rho5_lag3,304,3017,0.5,,right_censored,false,,undefined,unlearnable,true,false,0.10195907307206653,,right_censored,false,true,false
esa-gru-rho5_lag3-d304-m3017,gru,rho5_lag3,304,3017,1,,right_censored,false,,undefined,unlearnable,true,false,0.10195907307206653,,right_censored,false,true,false
esa-gru-rho5_lag3-d304-m3017,gru,rho5_lag3,304,3017,2,,right_censored,false,,undefined,unlearnable,true,false,0.10195907307206653,,right_censored,false,true,false
